INT_ID,int_lon,int_lat
102,-79.379616,43.652738
228,-79.263884,43.732248
204,-79.495092,43.650148
160,-79.436091,43.699148
213,-79.411189,43.666448
162,-79.444191,43.716347
156,-79.398089,43.668848
302,-79.276507,43.766714
210,-79.435477,43.660199
107,-79.388788,43.676748
108,-79.391176,43.682634
226,-79.288985,43.694448
103,-79.381225,43.656517
216,-79.376161,43.672103
111,-79.398648,43.705227
305,-79.251654,43.774882
202,-79.510993,43.648348
219,-79.352497,43.678239
220,-79.344787,43.680148
114,-79.411691,43.761647
404,-79.346589,43.775547
154,-79.39069,43.659834
203,-79.483892,43.650148
221,-79.337786,43.681048
225,-79.301585,43.688948
402,-79.376311,43.769201
214,-79.403889,43.667249
101,-79.378109,43.649061
218,-79.358387,43.676948
207,-79.459891,43.655248
201,-79.524192,43.645147
113,-79.40649,43.744847
165,-79.462781,43.750204
152,-79.386959,43.651122
104,-79.383103,43.660789
403,-79.367789,43.770847
116,-79.415291,43.780847
112,-79.40269,43.725948
211,-79.42629,43.662448
151,-79.385004,43.647605
206,-79.466748,43.654003
205,-79.475991,43.652048
115,-79.412755,43.767867
159,-79.41589,43.684048
215,-79.391129,43.669946
106,-79.385918,43.671043
209,-79.442463,43.659246
222,-79.330286,43.682648
223,-79.322786,43.684148
401,-79.386703,43.766871
110,-79.396989,43.697748
164,-79.450792,43.734547
105,-79.383388,43.665348
212,-79.418395,43.664275
109,-79.392589,43.687748
217,-79.368988,43.673748
224,-79.312686,43.686548
208,-79.452723,43.657023
13465703,-79.434313454,43.6571226
13454197,-79.482069737,43.726642385
14606950,-79.221072211,43.819698288
13447211,-79.186225546,43.768408999
13462698,-79.4957082,43.676201328
13454806,-79.558922173,43.72311204
13459820,-79.296771644,43.689305049
13444687,-79.183257088,43.787851884
13454867,-79.240363427,43.718226344
13450997,-79.218913538,43.743182014
13444869,-79.188310594,43.78657849
13451513,-79.232053988,43.740260716
13455179,-79.261334057,43.716525807
13448868,-79.235267231,43.757721789
13452476,-79.25810431,43.734530683
13442521,-79.170811425,43.808376217
13452119,-79.248084587,43.736696453
13449204,-79.245422779,43.755548525
13446514,-79.241759809,43.774334937
13446212,-79.231756836,43.776436249
13464719,-79.376716938,43.662418858
13443509,-79.217665862,43.798122393
13459028,-79.262333902,43.69304667
13456762,-79.268130023,43.706998942
13452053,-79.246164069,43.737097293
13449501,-79.255367207,43.753526949
13460017,-79.270918124,43.687759014
13446827,-79.251498432,43.772142024
13449830,-79.265052497,43.751521702
13453221,-79.277859535,43.729962108
13443955,-79.234931562,43.794662194
13462163,-79.539014642,43.67983519
13445175,-79.256475693,43.785381536
13450484,-79.284836745,43.74751869
13458963,-79.277290756,43.693646835
13458308,-79.274835777,43.697177449
13461728,-79.298023939,43.678885382
13444901,-79.268312034,43.787578239
14074105,-79.291464067,43.726996283
13442174,-79.237137058,43.814217802
13453588,-79.287616161,43.727846986
13447843,-79.281078252,43.76580202
13463494,-79.305775296,43.668757076
13450818,-79.294730397,43.745376512
13447496,-79.271110442,43.767924951
13461342,-79.284060442,43.680811436
13463787,-79.31259357,43.66724465
13460223,-79.286576583,43.686904951
13459445,-79.288358609,43.691232336
13462643,-79.307926627,43.673928506
13445476,-79.288263729,43.783286859
13444619,-79.25883875,43.789620159
13448199,-79.291362823,43.763427113
13448838,-79.310188901,43.759031293
13448519,-79.300751924,43.761193442
13454107,-79.302645014,43.724723021
13453978,-79.297515057,43.725651096
13443810,-79.261514068,43.796124386
13445219,-79.278570092,43.785348047
13441620,-79.251189148,43.836598984
13442502,-79.257699172,43.809888126
13461602,-79.312648642,43.679828171
13454288,-79.302100282,43.723380976
13459010,-79.328018297,43.694136535
13463183,-79.328022357,43.670923069
13459689,-79.326574413,43.690587219
13445746,-79.298106451,43.781054406
13449013,-79.315245441,43.757869425
13451212,-79.304645575,43.743242517
13451412,-79.309793757,43.742144039
13455296,-79.349979797,43.717098739
13454752,-79.338873881,43.720500805
13463478,-79.33560892,43.669250838
13446075,-79.307905915,43.778731095
13442866,-79.277400939,43.80570624
13456414,-79.334394981,43.70999645
13446996,-79.321518102,43.771941442
13446551,-79.323017109,43.775244616
13464177,-79.352624092,43.665486616
13455899,-79.364802153,43.71356588
13446373,-79.317764148,43.776514782
13457237,-79.349877201,43.70500665
13449541,-79.352035229,43.754698664
13465231,-79.349852232,43.658878341
13464674,-79.402109266,43.663052328
13442643,-79.26650628,43.808026677
13444019,-79.293451361,43.795150796
13459249,-79.350291418,43.693241761
13441635,-79.267962521,43.832704306
13443562,-79.305981545,43.798998223
13465795,-79.364462546,43.655615728
13443046,-79.286293645,43.803751827
13459931,-79.348815657,43.689432655
13446581,-79.331236717,43.77509959
13466241,-79.363245746,43.652729989
13448536,-79.347229808,43.761751872
13464403,-79.367981848,43.664285907
13460600,-79.347438893,43.685776098
13466482,-79.368261941,43.651277649
13441649,-79.275195993,43.831045362
13442867,-79.320975009,43.806349236
13443837,-79.315766111,43.796772994
13462285,-79.443081164,43.677961457
13453281,-79.458918743,43.732092618
13442033,-79.304753198,43.818447428
13441903,-79.316925221,43.821392698
13463030,-79.414391202,43.673150259
13449822,-79.359970231,43.752954496
13441919,-79.294934266,43.820707597
13456348,-79.377158372,43.711036573
13444158,-79.325969368,43.794331429
13444318,-79.331412424,43.793106458
13463585,-79.429019476,43.670032069
13441740,-79.297332525,43.825950474
13467252,-79.404010501,43.647188293
13461950,-79.43568954,43.679592021
13467722,-79.402705536,43.643926314
13461343,-79.420223587,43.682772604
13442003,-79.32443664,43.81963118
13466982,-79.396381621,43.648765518
13462422,-79.415786758,43.676730247
13460587,-79.438693767,43.687134
13450611,-79.384155779,43.748059355
13442279,-79.34855579,43.813969777
13468374,-79.427374816,43.638960482
13470353,-79.493165851,43.603651612
13465784,-79.358415852,43.655582152
13442179,-79.341317897,43.815650752
13468053,-79.415018881,43.641437148
13444423,-79.354736954,43.792660486
13442528,-79.36077696,43.811184151
13465757,-79.407722935,43.656481958
13457359,-79.406132971,43.705105105
13463893,-79.483564058,43.668993604
13444761,-79.368067064,43.790012097
13462582,-79.450601076,43.676304204
13457449,-79.408516109,43.704598461
13456819,-79.390197174,43.708407749
13466425,-79.432562175,43.652569192
13467715,-79.418861992,43.644204298
13467983,-79.428644194,43.642208421
13466818,-79.526398228,43.651361511
13460901,-79.446117227,43.685566389
13464451,-79.491186227,43.665734711
13463080,-79.463050228,43.673536
13469508,-79.502632289,43.626336353
13456902,-79.392819367,43.707861153
13442682,-79.359012383,43.808948656
13461687,-79.476751401,43.681609012
13445452,-79.392147426,43.785005601
13468436,-79.446219418,43.63871533
13463232,-79.467623432,43.672534507
13460576,-79.401495486,43.686640698
13451068,-79.396440498,43.745453387
13454662,-79.415609513,43.722255597
13457863,-79.419108562,43.702351726
13464592,-79.458777591,43.66448603
13468605,-79.469914649,43.637210589
13464461,-79.482105747,43.665579272
13464438,-79.464557781,43.665404354
13445882,-79.407105781,43.781625546
13464218,-79.491767788,43.667184902
13469783,-79.500396929,43.621012253
13458084,-79.425561957,43.700992517
13459036,-79.450278981,43.695691999
13443870,-79.420084,43.79799966
13443242,-79.39623006,43.803270124
13461228,-79.498823083,43.684476407
13466116,-79.42270507,43.654400252
13461619,-79.467675092,43.681895353
13452017,-79.42164712,43.739871726
13456031,-79.454751125,43.7140869
13455135,-79.429816144,43.719258979
13457799,-79.41737923,43.702719518
13442747,-79.372508245,43.808507954
13457395,-79.426372247,43.705191909
13446584,-79.430255343,43.776493999
13461587,-79.471598344,43.682136194
13452437,-79.434005363,43.737354505
13461263,-79.504218431,43.68438156
13456244,-79.428147428,43.712331421
13469914,-79.511328449,43.618393334
13445250,-79.417350458,43.787068778
13458706,-79.442793468,43.697302209
13456468,-79.466603511,43.711482476
13457330,-79.487667633,43.706374382
13449607,-79.438481647,43.755458418
13460119,-79.475062683,43.690165352
13460757,-79.489532718,43.686993544
13446031,-79.444834718,43.781038641
13461680,-79.526607837,43.682334604
13458238,-79.503247905,43.700848086
13454748,-79.418500552,43.721663668
13456692,-79.471909067,43.710302504
13444801,-79.445381108,43.790827588
13459968,-79.500891132,43.69130158
13444609,-79.445755162,43.792407463
13456952,-79.478062181,43.708659308
13470006,-79.524628244,43.615873728
13470147,-79.543806274,43.611829061
13458367,-79.516201345,43.700158196
13455040,-79.508634418,43.720915422
13457965,-79.503838437,43.702878069
13450069,-79.451918583,43.752688371
13446970,-79.443008603,43.773859221
13470610,-79.529768629,43.595323994
13445306,-79.470089677,43.787283202
13459022,-79.546731704,43.697049452
13468751,-79.556709719,43.636929624
13470438,-79.545254731,43.601690365
13447779,-79.466927821,43.768852099
13453125,-79.483728834,43.733580707
13459156,-79.532738941,43.696161356
13455580,-79.523046351,43.717703384
13446042,-79.494506362,43.78157907
13446837,-79.468468434,43.775193859
13451388,-79.486452433,43.744777513
13465273,-79.393484529,43.659199934
13449857,-79.488762507,43.754512472
13449373,-79.513445543,43.758059041
13449500,-79.517731819,43.75723482
13453198,-79.538228852,43.733746804
13452283,-79.513221028,43.739389324
13452693,-79.523799047,43.736965031
13449708,-79.524287102,43.755928554
13459576,-79.558649126,43.694249638
13451305,-79.568621085,43.746247698
13448840,-79.518822132,43.761917513
13453059,-79.533955235,43.734670836
13454154,-79.574660323,43.728139703
13446896,-79.521735457,43.775470748
13450142,-79.536263468,43.753290347
13450342,-79.542380573,43.752089994
13460801,-79.586823017,43.687948264
13451819,-79.582116042,43.743263602
13461025,-79.595566224,43.686757331
13452977,-79.594956231,43.736017084
13452853,-79.591703289,43.736772982
13453882,-79.601443401,43.730468485
13452733,-79.565305566,43.737236726
13452171,-79.589232607,43.741093842
13452047,-79.594210705,43.74192483
13454453,-79.586722725,43.726024454
13448601,-79.574871956,43.764343482
13453590,-79.609154244,43.732189583
13449294,-79.58991126,43.759607633
13469987,-79.521062666,43.61649514
13450421,-79.599302428,43.752300188
13444174,-79.166727624,43.791739697
13448501,-79.404758171,43.762888736
13454339,-79.569062223,43.726684851
13458841,-79.542844794,43.697915205
13469870,-79.486470112,43.618927832
13467650,-79.416303469,43.644725611
13460726,-79.404787971,43.685970054
13452647,-79.248656942,43.733349205
13470159,-79.545726984,43.611369147
13463124,-79.370697142,43.67200954
13461456,-79.357689394,43.681280616
13454780,-79.50047645,43.722556285
13457716,-79.292785541,43.701416107
13461408,-79.287087627,43.680539792
13454046,-79.572469356,43.728901678
13448492,-79.488278471,43.764087065
13450946,-79.568400312,43.748380297
13448888,-79.199299027,43.757039488
20105765,-79.192795175,43.764142797
13463058,-79.31037211,43.671503048
13459424,-79.327115093,43.691926784
13465489,-79.400048419,43.657948511
13463293,-79.311182173,43.669974171
13444135,-79.24155146,43.793291012
13455525,-79.245073027,43.714114013
13442803,-79.186609007,43.804977006
13453057,-79.250821492,43.73069852
13469683,-79.481211303,43.62296877
13462329,-79.30590338,43.67570099
13464027,-79.342170097,43.66615922
13458057,-79.273562213,43.698956518
30022876,-79.127671959,43.783442755
13454823,-79.258756892,43.718788767
13458442,-79.290484487,43.696550547
13469793,-79.483267663,43.620511692
13461926,-79.497563083,43.680582293
13465975,-79.360349161,43.654410506
13470022,-79.48866413,43.614949433
13450103,-79.482735477,43.752845341
13453454,-79.464498754,43.731158846
13467197,-79.395829745,43.647397808
13456203,-79.264616324,43.710252372
13447347,-79.189609494,43.767653017
13448712,-79.316176552,43.759960159
13449481,-79.244701752,43.753549769
13460447,-79.397975867,43.687315266
30109241,-79.415581673,43.642903106
13465288,-79.453683916,43.659940492
13470070,-79.489314729,43.613779314
13456161,-79.458591123,43.713279652
13455397,-79.429413555,43.717629529
13453619,-79.596042999,43.731905283
13448693,-79.493642457,43.762600981
13451124,-79.564415677,43.747310482
13453253,-79.25177138,43.729296381
13445649,-79.287428102,43.78173425
13462431,-79.434826274,43.676931189
13447596,-79.191073691,43.76598284
13469945,-79.487348934,43.617280658
13452101,-79.423867491,43.739374882
13455942,-79.428599293,43.714203997
13463317,-79.318054795,43.669904231
13462889,-79.537126689,43.675643799
13458644,-79.263163191,43.695049241
13468457,-79.544506102,43.639778064
13454004,-79.393970123,43.726858626
13468159,-79.447016163,43.641076507
13443108,-79.217799562,43.802074097
13460848,-79.407904898,43.685348449
13460575,-79.446820417,43.68727147
13463187,-79.298016182,43.670462088
13455529,-79.556677015,43.718419125
13458400,-79.475967963,43.699431797
13451959,-79.485557781,43.741082939
13463777,-79.369561948,43.668174635
13448608,-79.197580126,43.758970298
13461380,-79.322735799,43.681221554
13452527,-79.589906608,43.73880839
30072982,-79.429890255,43.672147689
13461226,-79.281418647,43.681431399
13450857,-79.310938942,43.74540443
13457805,-79.550082066,43.704442697
13466640,-79.45106952,43.651515981
13470586,-79.524995119,43.596418808
13455247,-79.299286719,43.716670214
13444980,-79.290081224,43.787250757
13468080,-79.432369415,43.641474599
13461623,-79.322146839,43.679825422
13459651,-79.287924317,43.690179281
13452245,-79.307651207,43.736824733
13443773,-79.354750234,43.797863725
13462824,-79.309086999,43.672869107
13453881,-79.382188523,43.727576421
13464097,-79.533857588,43.668380975
13460704,-79.276100796,43.684203912
13463166,-79.341694289,43.671268936
13463573,-79.337583951,43.668796419
13444596,-79.440634457,43.792472379
13453983,-79.477749343,43.72816335
13464042,-79.385340172,43.666695024
13466259,-79.527922421,43.654881144
30032676,-79.621815311,43.727451024
13450486,-79.516078252,43.750736893
13465254,-79.424790494,43.659768563
13445883,-79.286667479,43.779880461
13456080,-79.555116255,43.715102458
13453941,-79.61965768,43.730320739
13450773,-79.389010706,43.747033188
13451125,-79.222108353,43.742487588
13446213,-79.285558093,43.777253147
13444800,-79.290670613,43.788629011
20028249,-79.447553321,43.688589009
13453439,-79.619498679,43.733191756
13469379,-79.516986556,43.628944057
13450255,-79.207640791,43.747861542
13451900,-79.567745987,43.742465082
13448310,-79.31753172,43.763020938
13444683,-79.442125529,43.791703566
13455910,-79.507224907,43.715456446
13454074,-79.307014052,43.72505896
13460334,-79.500381596,43.689279649
13444192,-79.292751738,43.793502365
13448439,-79.247240846,43.761034191
13457171,-79.252772902,43.703953474
13454523,-79.257084722,43.720864553
13454343,-79.431062638,43.72484498
13449156,-79.489980661,43.759325526
13448960,-79.238246653,43.757089538
13455354,-79.455680412,43.718257562
13456342,-79.463233227,43.712243594
13455638,-79.261547726,43.713607278
13463801,-79.353384092,43.667758325
13450594,-79.487592188,43.749607205
13456556,-79.427694353,43.710485875
13453395,-79.304507828,43.729190911
13467859,-79.40771868,43.642909624
13449279,-79.277153058,43.755407078
13465017,-79.344458836,43.660086477
13450238,-79.346873385,43.750085792
13466940,-79.420782156,43.649334078
13453093,-79.273889685,43.730845392
13459590,-79.34955178,43.691367996
13456438,-79.29619001,43.70927755
13449009,-79.27789327,43.757379793
13454002,-79.431623296,43.727397171
13453783,-79.340859626,43.727656424
13465894,-79.3672039,43.655015064
13452219,-79.426857055,43.738710525
13448474,-79.279457741,43.761298362
13465635,-79.488121546,43.658268072
13443573,-79.354142276,43.799608645
13466801,-79.366113435,43.649329416
14172279,-79.475194044,43.670854848
13468469,-79.521222206,43.639377016
13452847,-79.404573554,43.73436159
13460075,-79.570838263,43.691592488
13449201,-79.507930518,43.759283557
13451069,-79.245061178,43.743230192
13459357,-79.422582958,43.693712382
13459913,-79.394936396,43.690199042
13456185,-79.296821234,43.710842264
13454188,-79.569334361,43.727850377
13449786,-79.275778156,43.751920926
13460535,-79.324659028,43.685792332
13462101,-79.592851885,43.680814577
13441922,-79.233260904,43.819708597
13460559,-79.542873558,43.688620231
13467331,-79.525091022,43.64838231
13465112,-79.414667065,43.660525703
13458124,-79.397039182,43.700295286
13452207,-79.566929502,43.740637336
13454924,-79.300179433,43.71876902
13446271,-79.252923713,43.776307521
13449625,-79.203976933,43.751866719
13459344,-79.264751994,43.691479547
13449866,-79.517074886,43.754854238
13470590,-79.542907519,43.596515607
13464374,-79.327349535,43.663910082
13455506,-79.603459797,43.719156634
13454300,-79.485475928,43.725873565
13470081,-79.508429612,43.613708554
13447353,-79.493239886,43.771990067
13443354,-79.400893223,43.802245547
13460975,-79.411169162,43.684625363
13450684,-79.386395301,43.74757126
13457068,-79.294493766,43.70535747
13461912,-79.314986453,43.678090255
13446359,-79.422985309,43.77812301
13465276,-79.338960796,43.658402722
13453008,-79.305610212,43.731866213
13470566,-79.521318493,43.597206716
13464286,-79.325308012,43.664397603
13463123,-79.440996028,43.672990269
13452878,-79.246018345,43.731822142
13463288,-79.300866585,43.669845209
13444502,-79.123103483,43.788381869
30036276,-79.353180526,43.666805471
13446952,-79.283250077,43.771732972
13461421,-79.310754932,43.680793349
13460601,-79.473934355,43.687530741
13460832,-79.277015384,43.683557478
13454307,-79.379623439,43.724329739
13455487,-79.298662373,43.71520334
13443314,-79.318746052,43.801494201
13456826,-79.251292257,43.706341174
13464417,-79.402740484,43.664656924
13470214,-79.490381316,43.608306606
13449995,-79.568868188,43.754709517
13446410,-79.444081177,43.778067808
13460374,-79.355848312,43.687084431
13468280,-79.557698809,43.641484973
13467909,-79.377461613,43.642078384
13456405,-79.249769174,43.708776756
13461356,-79.332382725,43.681484142
13467337,-79.419839445,43.64692696
13445621,-79.136675797,43.77960242
13457557,-79.410957844,43.704082819
13466117,-79.363598619,43.653564017
13455864,-79.449470635,43.714970487
13469263,-79.504477296,43.630805566
13454283,-79.255628181,43.722715738
14651711,-79.622116087,43.726205447
13453001,-79.271210159,43.731434103
14036494,-79.366499778,43.650231835
13450554,-79.244558217,43.746367891
13465039,-79.48967091,43.661993354
13467856,-79.393928862,43.642738992
13468898,-79.562318729,43.635625356
13442145,-79.324555799,43.816199991
13459825,-79.474246454,43.691795415
13445659,-79.445550109,43.783932761
13465705,-79.44777214,43.657301938
13446348,-79.188656022,43.77473883
13451751,-79.435091772,43.741798399
13469614,-79.501827869,43.624468318
13462870,-79.45764749,43.674722765
13461657,-79.340177945,43.679874622
13458803,-79.475460231,43.697236977
13453888,-79.510712385,43.729303763
13467689,-79.559992312,43.646303302
13460471,-79.274390007,43.685401235
13465287,-79.489028374,43.660413026
13464832,-79.490213638,43.66332662
13463137,-79.563176723,43.674477761
13464281,-79.427296424,43.665873922
13466668,-79.363543951,43.650110401
13456650,-79.398997427,43.709583352
13456432,-79.379643213,43.710526112
13457880,-79.476811155,43.703027034
13453864,-79.482645639,43.729060896
13470639,-79.534016206,43.594361332
14634930,-79.229978733,43.834893833
13465217,-79.409089061,43.659806172
13470434,-79.503030153,43.601259337
13461829,-79.497740256,43.681094401
13465305,-79.530512092,43.660820447
13462409,-79.544889802,43.67853617
13465447,-79.424315074,43.658547056
13468465,-79.430916079,43.638210702
13458101,-79.50833093,43.701978667
13459781,-79.465379794,43.691940203
13456025,-79.248187291,43.711121086
13456890,-79.295085406,43.706748304
13453668,-79.403293991,43.729158086
13468685,-79.507052741,43.636944332
13443929,-79.163997661,43.793730188
13456252,-79.460874598,43.712754161
13465959,-79.364023387,43.654559096
14673411,-79.470149526,43.78383982
13465836,-79.399231376,43.655851398
13452030,-79.434661384,43.740001245
14203394,-79.458367248,43.729929457
13468120,-79.417244386,43.640991618
13455720,-79.359824986,43.71460395
14642975,-79.22532826,43.833549956
13461921,-79.39043249,43.679145763
13453201,-79.563945892,43.734059326
13456554,-79.47863816,43.711184756
13467486,-79.449059782,43.646337685
13460543,-79.285859727,43.685161045
13445290,-79.386646883,43.786254999
13462962,-79.460017991,43.674195008
13454486,-79.241448854,43.720875155
14173872,-79.298105261,43.819972106
13452055,-79.27013197,43.737453723
13451426,-79.514582874,43.744884758
13455032,-79.401141911,43.7195473
13445956,-79.304392175,43.779562227
13450358,-79.244549049,43.747816181
13446105,-79.348737709,43.779085608
20031732,-79.476914485,43.63026962
13460244,-79.325290723,43.687345747
13458248,-79.431039262,43.69982615
14063912,-79.409826103,43.636236691
13460171,-79.420730495,43.68914094
13455715,-79.537290903,43.717023648
13464649,-79.38378885,43.663021271
13448292,-79.519688904,43.765908729
13455046,-79.480724897,43.720515279
13468786,-79.473493527,43.635492132
13458356,-79.424765921,43.699022842
13463522,-79.343383741,43.669149299
14249609,-79.220369018,43.821371311
13443021,-79.385783596,43.805568662
13449953,-79.24443851,43.750403615
13452484,-79.592822783,43.73907851
13464771,-79.337704037,43.661598308
13464398,-79.35203898,43.664089089
13449457,-79.589353324,43.758460728
13443957,-79.355197287,43.796439104
13469672,-79.514783857,43.623592268
13464254,-79.341607452,43.664844257
13464820,-79.406037623,43.662260753
13453302,-79.280725185,43.729364491
13452869,-79.26793172,43.732201552
13453476,-79.458640025,43.730922667
13460899,-79.438064131,43.685462458
13462284,-79.31696616,43.676176207
13451676,-79.486000128,43.742867504
13460103,-79.353311792,43.688552116
13451259,-79.401467176,43.744375151
13450564,-79.436948128,43.749120941
13470116,-79.538788788,43.612983268
13470516,-79.544162709,43.599300247
13463377,-79.440261394,43.671303289
13447139,-79.261331289,43.770065338
13463938,-79.428155123,43.667954167
13448166,-79.394716179,43.765101953
13465055,-79.531189103,43.662411011
13466618,-79.397239103,43.650902271
13461488,-79.444844607,43.682368771
13465562,-79.529789253,43.659207937
13466288,-79.398049999,43.652944322
13463796,-79.34277848,43.66763627
13467370,-79.430380871,43.646844053
13445386,-79.28535662,43.783929544
13454821,-79.508979847,43.722364167
13450372,-79.378757087,43.749744081
13464436,-79.46861673,43.66546245
13458506,-79.547975883,43.69973139
13470151,-79.490059662,43.610943976
13464498,-79.330224215,43.663239245
13464154,-79.368632191,43.665875123
13457178,-79.551756247,43.708101188
13455496,-79.400481754,43.716605892
13457627,-79.477117566,43.704558176
13449821,-79.244421806,43.75123932
13454466,-79.509607252,43.724893855
13468316,-79.386573461,43.638854214
13468520,-79.433283399,43.637743309
13447250,-79.442532497,43.771995761
13456522,-79.382248665,43.710020155
13451700,-79.51414323,43.743122193
13446725,-79.414384457,43.775157055
13469439,-79.503143377,43.627668407
13468805,-79.519806538,43.635885888
13466493,-79.42178183,43.651977051
13468571,-79.436037444,43.63717638
13456310,-79.454348834,43.712354752
13467464,-79.409946736,43.645996913
13470520,-79.513947812,43.598834754
13458928,-79.447685297,43.696258795
13465212,-79.417513197,43.659934596
13454680,-79.401595214,43.721970232
13443782,-79.417087484,43.798672792
13463491,-79.41326877,43.670318929
13462239,-79.496865297,43.678939855
13451999,-79.50340118,43.741076459
13458742,-79.523294752,43.698175505
13441616,-79.248490369,43.837241185
13463705,-79.340400896,43.668173027
13469375,-79.503651316,43.628870227
13453646,-79.482979312,43.730343213
13455990,-79.367228681,43.713078128
13466476,-79.485974301,43.652947258
13450081,-79.370454605,43.751456312
13453963,-79.313523115,43.726023858
20232392,-79.604350094,43.728417784
13453602,-79.468106919,43.730336075
13465571,-79.358924357,43.656833256
13468186,-79.42800629,43.640599717
13450219,-79.516490469,43.752508744
13444082,-79.419631182,43.796322588
13450472,-79.311817887,43.747962296
13449253,-79.509554201,43.758911584
13463880,-79.412383607,43.668113591
13467795,-79.405285737,43.643402965
13458710,-79.539886606,43.698568877
13463723,-79.38616027,43.668742275
13456085,-79.36965948,43.712573817
13462783,-79.591063437,43.6768943
13466246,-79.42640405,43.653600351
13470599,-79.527616521,43.595814363
13464031,-79.465614172,43.667862066
13451886,-79.418202129,43.740629407
13454271,-79.577329454,43.727286238
13466357,-79.429677151,43.652915834
14630494,-79.231527306,43.836645996
13448102,-79.248207212,43.763475644
13462685,-79.442083253,43.675544841
13446304,-79.234995198,43.775741715
13453312,-79.432604934,43.731502335
13449710,-79.313535878,43.753005868
13470505,-79.511861877,43.599324743
13457713,-79.425911167,43.703337469
13459587,-79.440844889,43.692654453
13466199,-79.375773677,43.653168591
13453033,-79.511923893,43.734567627
13461355,-79.511457502,43.683962091
13451058,-79.515128547,43.747094261
13463882,-79.439035921,43.668464816
13468227,-79.522093467,43.641514004
13457412,-79.551126396,43.706724156
13451923,-79.501501931,43.741500312
13467654,-79.400097086,43.644453991
13466630,-79.371913897,43.650463956
13468134,-79.393004611,43.640562822
13450723,-79.515684889,43.749147656
13468117,-79.509271564,43.642237021
13454098,-79.457653389,43.726995698
13466100,-79.433365483,43.65468085
13454394,-79.457081243,43.72474797
13453954,-79.391994155,43.727257755
13464943,-79.409769278,43.661514805
13467084,-79.450027955,43.648832542
13460922,-79.30284515,43.683370501
13452617,-79.484559023,43.736944589
13457363,-79.293667849,43.703465041
13442915,-79.217210156,43.804288832
13461876,-79.443954782,43.68014954
13445830,-79.300395747,43.780509373
13457785,-79.397505407,43.702512049
13467321,-79.389773518,43.646603484
13461215,-79.437348737,43.683718442
13443860,-79.216358084,43.795087049
13461057,-79.305990407,43.682653874
13444653,-79.418474753,43.791647184
13451566,-79.319279279,43.741182581
13450847,-79.436476473,43.747247899
13461056,-79.27924162,43.682257442
13465956,-79.528763269,43.656814468
13444715,-79.262490842,43.788844534
13449378,-79.251561119,43.754283848
14064208,-79.500647485,43.776329439
13464607,-79.373061781,43.663190021
13465567,-79.365002164,43.656943834
13449737,-79.26245973,43.752065537
13460098,-79.439610288,43.689778903
13465315,-79.42067914,43.659280424
13461554,-79.425719619,43.68170951
13470414,-79.500763571,43.601759195
13465036,-79.462958396,43.661659889
13455007,-79.456172703,43.720462077
13465979,-79.369459663,43.6545253
13458815,-79.445313691,43.696764832
13446513,-79.427773995,43.777050542
13460822,-79.300155968,43.683950038
13465250,-79.462385249,43.660300076
13445569,-79.396338542,43.783981594
13459980,-79.325858396,43.688781282
13455968,-79.399839553,43.713652068
13457697,-79.452475903,43.703825343
13469132,-79.5052936,43.632718412
13455052,-79.55813668,43.721487701
13463279,-79.330692567,43.670319389
13444910,-79.455810622,43.790217037
30070005,-79.48000171,43.625205346
13441677,-79.287202146,43.828294934
13449259,-79.518115736,43.75897504
13456849,-79.45367077,43.709062202
13446538,-79.494649409,43.777717975
13460812,-79.285282029,43.68377459
13452266,-79.343448292,43.737173348
13455973,-79.479465164,43.71472075
13463440,-79.493755436,43.671672401
13461551,-79.436599107,43.681867152
13448037,-79.390039484,43.766134782
13448217,-79.440933646,43.765464713
13447325,-79.266499938,43.768941874
13453893,-79.402943774,43.727835202
13445721,-79.401882088,43.782760273
13442276,-79.225745722,43.81221966
13459757,-79.562516724,43.693401567
13464586,-79.361498301,43.663158537
13460275,-79.348106815,43.687534492
13461235,-79.308758716,43.681800956
13453443,-79.511278453,43.731816794
13458146,-79.427765759,43.700527002
13465702,-79.423702764,43.656978943
13445797,-79.404474501,43.782203341
13459714,-79.448805733,43.692175698
13459024,-79.529685752,43.696808469
13446625,-79.431722396,43.776188846
13469847,-79.506759002,43.619611179
13462856,-79.28876375,43.672387771
13470100,-79.536352099,43.613525419
13442967,-79.282151791,43.804644171
13457121,-79.482436847,43.707537828
13448117,-79.393125199,43.765457477
13447337,-79.250211097,43.768637751
13464490,-79.359244951,43.663707456
13448642,-79.304457196,43.760353768
13443256,-79.353355385,43.802508253
13457834,-79.500052213,43.703614632
13462117,-79.344231221,43.677413228
13461868,-79.416982033,43.679824736
13466894,-79.431453748,43.649651012
13990825,-79.556419898,43.60898951
13450370,-79.568359318,43.752289485
13468779,-79.425804771,43.634892802
13463785,-79.48079692,43.669615694
13454617,-79.553599958,43.724366215
13462073,-79.438771497,43.678923022
13462566,-79.463889603,43.676573953
13469497,-79.51610857,43.626784124
13447423,-79.346531338,43.769571236
13446040,-79.412315975,43.780475735
13462844,-79.319309875,43.672908032
13469267,-79.517762908,43.630876651
13457640,-79.413231936,43.703612059
13453918,-79.588558312,43.730115182
13459808,-79.345368664,43.690092711
13446475,-79.469120829,43.777943515
13463434,-79.535589897,43.672237755
13457990,-79.549568071,43.703281739
13446642,-79.246253917,43.773318767
13462867,-79.433782228,43.674407757
13462755,-79.454774736,43.675353824
13463679,-79.478040849,43.670229214
13453356,-79.40371594,43.730867625
13453034,-79.342110875,43.732222318
13456266,-79.39947658,43.711838966
13444464,-79.441056376,43.793449219
13446349,-79.347897116,43.777128807
13457938,-79.452120742,43.702351665
13451595,-79.245532775,43.73992224
13451157,-79.399085567,43.744903662
13454313,-79.328495324,43.723567174
13443721,-79.414469664,43.799252275
13459040,-79.423240225,43.695294015
13468568,-79.426654855,43.637074252
13444398,-79.173401004,43.790110969
13453958,-79.31829452,43.726134962
13444656,-79.44758989,43.792013987
13460862,-79.419235913,43.685410304
13464785,-79.367035536,43.661950371
13467938,-79.447704505,43.642830252
13464067,-79.319750278,43.665622389
13466110,-79.373254533,43.653729068
13465179,-79.36601615,43.659441028
13458543,-79.424341843,43.697945786
13447884,-79.520404887,43.768826662
13454278,-79.560755151,43.727026949
13443760,-79.227542792,43.79614812
13461264,-79.34607449,43.682183995
13457705,-79.496682421,43.704365694
13452901,-79.24997331,43.731704838
13466258,-79.451846068,43.653882472
13449422,-79.432832885,43.756634641
13449921,-79.437985136,43.753438115
13461822,-79.43250383,43.680276181
13470128,-79.54100785,43.612465153
13470205,-79.490343738,43.608563142
13447419,-79.268802882,43.768424386
13452342,-79.429418043,43.73788152
13461271,-79.41830144,43.683167498
13468619,-79.438596173,43.636662521
13467412,-79.392328546,43.646054543
13457321,-79.504832276,43.706645369
13468530,-79.564818827,43.639342609
13447550,-79.460724366,43.770253615
14630490,-79.232138852,43.838517684
13467969,-79.40189534,43.641915264
13462722,-79.285235609,43.673117534
13467817,-79.422410291,43.643491558
13445401,-79.204975682,43.782601252
13459909,-79.448305063,43.690955074
13466991,-79.404649607,43.648831394
13458567,-79.439390414,43.698040321
13468652,-79.403729749,43.63590265
13461234,-79.346126019,43.682349053
13465673,-79.361465591,43.656270528
13466729,-79.374412717,43.6499219
14255097,-79.400649566,43.638839463
13463652,-79.309195412,43.66799067
13450331,-79.437336869,43.750763484
13443239,-79.294296175,43.801813213
13452238,-79.509681049,43.739672674
13458599,-79.5372517,43.699163746
13450017,-79.408144349,43.752460388
13459819,-79.269214829,43.688903137
13449848,-79.445770597,43.754008674
14255084,-79.406841384,43.636392773
13446724,-79.435014749,43.775448246
13455463,-79.480124747,43.717869355
13461675,-79.42887061,43.681048902
13455655,-79.429005582,43.715950517
13461074,-79.47281184,43.684914209
13465478,-79.356530972,43.657375118
13464590,-79.410716534,43.663830222
13453247,-79.590371202,43.734011303
13467560,-79.413197387,43.645366197
13462518,-79.343308218,43.67514858
13446675,-79.170581976,43.771921018
13449077,-79.490082025,43.759828409
14249113,-79.223687614,43.830494418
13450584,-79.58582827,43.750976173
13464462,-79.485924153,43.665628799
13454716,-79.548877058,43.723675372
13456854,-79.343625497,43.70747321
13462801,-79.430983499,43.674722702
13454100,-79.397246807,43.726148155
13442037,-79.232263164,43.817266943
13463015,-79.387866473,43.672873841
13456926,-79.505566632,43.709245401
13452308,-79.253190506,43.735582375
13453803,-79.24362199,43.726091948
13445522,-79.35288386,43.783895851
13448975,-79.347154169,43.758621246
13459150,-79.441814888,43.694986971
13454224,-79.566303362,43.727510108
13446357,-79.504339152,43.779236449
13459771,-79.349168432,43.690401315
13470270,-79.506569711,43.6067665
13461548,-79.469146018,43.682323992
13442126,-79.232352132,43.815250889
13445784,-79.308997582,43.780947191
13464778,-79.436678362,43.662967067
13463074,-79.494746323,43.673989901
13451553,-79.491850161,43.74364914
13443490,-79.406252092,43.801056556
13448378,-79.219768225,43.761006503
13448957,-79.573057549,43.761784582
13442623,-79.17000104,43.806787056
13445959,-79.409717752,43.781056892
13446806,-79.437378237,43.774927515
13457552,-79.351667513,43.703281341
13441950,-79.32045287,43.82056909
13459690,-79.421873535,43.691935396
13447120,-79.448217552,43.772857655
13463827,-79.492843246,43.669541891
13462262,-79.435265101,43.677989016
13448559,-79.246851308,43.760079206
13445232,-79.384369353,43.786756033
13453844,-79.303470934,43.726686705
13449511,-79.314018808,43.754341097
13464004,-79.348541658,43.66635688
13463032,-79.293527132,43.671400113
13448787,-79.246221927,43.75838562
13458691,-79.53375974,43.698594294
13466049,-79.487111282,43.655739227
13449584,-79.520702416,43.756732128
13464433,-79.46228965,43.665397011
13444657,-79.363076002,43.790834879
13457078,-79.398366496,43.706731991
13463892,-79.345195559,43.667094998
13458615,-79.451140982,43.697916812
13445431,-79.446053896,43.785917742
13455311,-79.516015178,43.719306522
13450665,-79.552316506,43.749944685
13462184,-79.440856076,43.678435402
13445906,-79.490127378,43.782574784
13449947,-79.31302473,43.751498181
13462446,-79.447430759,43.677007411
13450184,-79.587099698,43.753619517
13446092,-79.469819732,43.780843752
13468224,-79.421290053,43.640179096
13454446,-79.408794976,43.723731057
13456681,-79.386201139,43.709191401
13461875,-79.301181388,43.678126485
13451044,-79.562359692,43.747765067
13467682,-79.429519085,43.644636492
13460586,-79.356297471,43.68597916
13453081,-79.433014628,43.73318141
13465194,-79.33660377,43.65893289
13453761,-79.471466907,43.729604425
13454354,-79.405610315,43.72438555
13447082,-79.361557684,43.771950514
13464658,-79.351361056,43.662467326
13466475,-79.36403029,43.651273527
13455685,-79.455199876,43.716155924
13456793,-79.474560205,43.709724198
13470452,-79.505274575,43.60076195
13459659,-79.292685615,43.690223652
13443377,-79.299648319,43.80051751
13448645,-79.32768578,43.760666448
13458256,-79.548676208,43.701324331
13470367,-79.506308499,43.603267102
13466754,-79.443023733,43.650686873
13444488,-79.418794241,43.792956233
13466699,-79.439999674,43.651012178
13466510,-79.52722627,43.65326877
13449574,-79.603381062,43.757861058
13445115,-79.206029151,43.784980438
13451358,-79.435757784,43.744255346
13461563,-79.540501854,43.683188729
13446985,-79.358665615,43.77257254
13459601,-79.341690271,43.691172897
13468727,-79.418656626,43.635338492
13445197,-79.289462977,43.785761713
13450859,-79.215571649,43.743947926
13447758,-79.383139545,43.767803781
13462427,-79.320300998,43.675337148
13466407,-79.406022366,43.652311681
13451997,-79.513685277,43.741240045
13448338,-79.399687405,43.763996468
13464960,-79.401410685,43.661302465
13452943,-79.538663643,43.735505743
13464808,-79.456427569,43.663046663
13459303,-79.455894349,43.694436987
13454825,-79.456411551,43.721618123
13465564,-79.461490494,43.65830793
13451688,-79.344457535,43.740843561
13463747,-79.394141415,43.668720261
13459596,-79.267213268,43.69012232
13460052,-79.544108977,43.691357134
13449931,-79.448074919,43.753522093
13449608,-79.258523273,43.752858523
13444705,-79.354159109,43.790273982
13449693,-79.441404164,43.754937951
13447015,-79.257673056,43.770849804
13450083,-79.437730482,43.752379983
13462260,-79.464821936,43.678394666
13441709,-79.275908595,43.826896318
13443668,-79.165039068,43.796008226
13450779,-79.482786037,43.7482872
13442938,-79.298837129,43.805277648
13445288,-79.281496766,43.784732449
13464419,-79.53296267,43.666392583
20235156,-79.366532931,43.660718993
13451515,-79.314240467,43.741498674
13465043,-79.429438006,43.661150762
13450852,-79.55763316,43.74879491
13450329,-79.459513344,43.751083901
13462565,-79.43451421,43.67617627
13449155,-79.439257672,43.758654266
13464948,-79.342506056,43.660529405
13443543,-79.295127455,43.799024311
13453503,-79.252473435,43.727794705
13456564,-79.45402394,43.71081568
13455708,-79.298059218,43.713778722
13461842,-79.539842337,43.681582827
13456958,-79.427059145,43.707924417
13452124,-79.506885469,43.740324365
13470365,-79.546186334,43.603881015
14243510,-79.361569002,43.653683563
13462891,-79.342392604,43.67296899
13443237,-79.206899452,43.80048072
13467348,-79.406575846,43.64668293
13459367,-79.474819537,43.694356559
13442811,-79.376097734,43.80771029
13466105,-79.406835662,43.654287149
13463685,-79.466507196,43.670033529
13460678,-79.419617607,43.68637108
13447497,-79.442139658,43.770375369
13454875,-79.42247629,43.72082035
13459944,-79.394891382,43.690000974
13449911,-79.365494581,43.752495857
13464855,-79.340092291,43.66106162
13449416,-79.489494345,43.757448081
13468994,-79.519131566,43.634217955
13444492,-79.291707548,43.791097198
13463372,-79.333068722,43.66981424
13470077,-79.533309128,43.614200763
13448254,-79.215838124,43.761852042
13464143,-79.489759879,43.667582466
13452395,-79.539454728,43.738989405
13451789,-79.415226767,43.741287905
13449596,-79.569854353,43.757253365
13444508,-79.358074814,43.791962167
13457776,-79.352842378,43.701917913
13461625,-79.473763041,43.681949225
13462704,-79.35708092,43.67426413
13457150,-79.453180105,43.706982741
13467096,-79.399676685,43.648067555
13464667,-79.364037982,43.66258773
13447932,-79.205628563,43.764049772
13442597,-79.175548765,43.807336613
13470504,-79.51184975,43.5993273
13453473,-79.284829537,43.728471953
13455343,-79.435101026,43.718043455
13442123,-79.336465358,43.816858755
13446051,-79.150541369,43.776461779
13463118,-79.295753996,43.670936155
13448605,-79.408264309,43.762101791
13457584,-79.504405546,43.70515909
13455730,-79.527079449,43.7167972
13447093,-79.182836147,43.769173826
13455755,-79.400108969,43.714948823
13450781,-79.345888453,43.7463489
13455428,-79.437686407,43.717499732
13453765,-79.38654241,43.72839676
13451065,-79.345445348,43.744735602
13448813,-79.332700992,43.759519285
13457336,-79.477507009,43.706183885
13454644,-79.430534195,43.722558349
13446864,-79.438856069,43.774595243
13466427,-79.362740419,43.651568564
13449319,-79.314495308,43.755707886
13450586,-79.287961319,43.746822354
13464520,-79.370520457,43.663722693
13464716,-79.463803719,43.663653669
13451925,-79.308464721,43.7387993
13444265,-79.169959411,43.790954103
13462953,-79.321861256,43.672313425
13454472,-79.481590042,43.724443237
13449853,-79.601662581,43.755998533
13463605,-79.57129144,43.671832704
13454273,-79.242174479,43.722605068
13453505,-79.432348647,43.730381472
13458733,-79.276408198,43.694762556
13445652,-79.399296551,43.783340708
13451672,-79.595368194,43.74428673
13449731,-79.35749335,43.753493237
13467505,-79.395046842,43.64547051
13460340,-79.57706646,43.690212179
13441856,-79.312264664,43.822474354
13455979,-79.452429912,43.714327488
13447579,-79.196434734,43.766150191
13441833,-79.273987777,43.822504835
13450514,-79.346352353,43.748214131
13447827,-79.248958306,43.765421539
13443302,-79.296598767,43.80126823
13455219,-79.513800342,43.719830332
13447770,-79.441701968,43.768570413
13449192,-79.341360875,43.757053589
13450242,-79.488173558,43.752023754
13442074,-79.227600573,43.816265854
13443753,-79.294351498,43.797213676
13451253,-79.583807272,43.746814212
13465052,-79.387425491,43.660514864
13452352,-79.247384838,43.735173678
13442364,-79.269203211,43.811636889
13448487,-79.222982648,43.760312134
13450676,-79.273652051,43.745994
13467131,-79.503205678,43.649204642
13465042,-79.454986582,43.661501905
13447653,-79.380324991,43.768409875
13444838,-79.418134858,43.790252732
13449213,-79.571819444,43.76002705
13458805,-79.273650817,43.694365227
13459413,-79.458528255,43.693844127
13463535,-79.439889478,43.670444678
13470179,-79.549142956,43.610614448
13443022,-79.320173811,43.804619777
13463245,-79.344023078,43.670761005
13445757,-79.217142583,43.77975259
13446472,-79.320408099,43.775888734
13449225,-79.586116469,43.76010127
13454874,-79.430172963,43.720942408
13460210,-79.477181464,43.689669591
13444817,-79.453034635,43.790811803
13442843,-79.168788253,43.804225435
13442679,-79.180393737,43.806288021
13464313,-79.437924217,43.665851143
13467971,-79.411970641,43.642042566
13463942,-79.31660243,43.666360057
13446884,-79.494048672,43.775213068
13446607,-79.187778256,43.772701246
13455405,-79.518429382,43.718761388
13442848,-79.356852415,43.807029628
13465356,-79.395902612,43.658700423
13456773,-79.341387089,43.708017748
13469579,-79.515451942,43.625253361
13469002,-79.505808406,43.633956062
13456160,-79.372070314,43.712095615
20234111,-79.342712876,43.734433889
13444138,-79.429267998,43.796007632
13454035,-79.242961149,43.724425194
13461184,-79.541404675,43.685222367
13444718,-79.365337065,43.790342833
13469939,-79.515353004,43.617752261
13448109,-79.211050151,43.762866322
13442992,-79.194880183,43.80307761
13447128,-79.364136074,43.771643761
13455212,-79.40085082,43.71833592
13456201,-79.506397396,43.713690757
13451299,-79.272060876,43.742183291
13452586,-79.306760409,43.734658561
13443052,-79.298208713,43.803881393
13467231,-79.505453568,43.648691385
13451090,-79.301354655,43.74392097
13449368,-79.347045215,43.755811758
13442557,-79.362781888,43.810719003
13445359,-79.389065523,43.785728563
13451600,-79.435315411,43.742645375
13447144,-79.413637914,43.772258031
13446218,-79.418509791,43.77913703
13464269,-79.354732193,43.664938706
14673438,-79.474757677,43.78618398
13452551,-79.520134384,43.737806673
13454029,-79.242978755,43.724479242
13467917,-79.509888851,43.643830193
13444061,-79.426378479,43.796622378
13445054,-79.183966454,43.784508039
13452186,-79.340977542,43.737695772
13449330,-79.465017855,43.757756778
13453382,-79.244573844,43.728386912
13449783,-79.588348202,43.756233366
13442901,-79.265330013,43.805133438
13461911,-79.47548671,43.680345357
13459436,-79.337763617,43.69202898
13460996,-79.346611669,43.683589588
13449668,-79.4742961,43.755534556
13458530,-79.519886826,43.699282891
13453659,-79.615206979,43.731981027
13442457,-79.357555669,43.811917924
13446504,-79.414849919,43.77694661
13450770,-79.407450863,43.747302819
13454518,-79.56487056,43.725183971
13464434,-79.472134538,43.665519056
13470475,-79.508632815,43.60001732
13445817,-79.487305578,43.783218162
13445921,-79.14656394,43.777358738
13444337,-79.436564886,43.794414428
13442616,-79.300469353,43.808913234
13455263,-79.432973982,43.718492719
13448418,-79.402305513,43.763431209
13445327,-79.350733367,43.785415978
13465263,-79.382117852,43.659095965
13451762,-79.238361642,43.738853082
13468148,-79.43451699,43.641025959
13451645,-79.324705898,43.74079037
13460855,-79.346924839,43.68442539
13454001,-79.253961061,43.724827512
13454866,-79.547542696,43.722550737
13458435,-79.502893967,43.699553337
13464179,-79.322388808,43.665041334
13443525,-79.262572737,43.798673895
13445922,-79.222217211,43.778556893
13455332,-79.508158409,43.719077413
13451873,-79.241566236,43.73813123
13447350,-79.371267529,43.770357648
13462180,-79.474075926,43.678899209
13461467,-79.2906945,43.68025018
13464022,-79.487040864,43.668201019
13470476,-79.508647977,43.600014267
13452576,-79.43787039,43.736570718
13446621,-79.168882022,43.77230323
13469883,-79.509399899,43.619037009
13454315,-79.582550768,43.726996591
13447703,-79.199472787,43.765447058
13446936,-79.414030769,43.77377818
13463537,-79.317577549,43.668701847
13444339,-79.213497105,43.791118119
13458159,-79.451767667,43.7007564
13454152,-79.620236861,43.728717372
13464664,-79.38373363,43.662896068
13468559,-79.466452058,43.637770489
13445257,-79.310952757,43.785477865
13441658,-79.280401533,43.829842736
13446814,-79.353323446,43.773729611
13450226,-79.374875393,43.750550257
13444409,-79.313882885,43.792179343
13470536,-79.516950311,43.59819824
13444756,-79.443050275,43.791082957
13449592,-79.276287133,43.753227089
13442036,-79.271980253,43.817941185
13447299,-79.282257572,43.769421482
13459232,-79.283378852,43.692330254
13450870,-79.391611722,43.74647665
13453545,-79.562946114,43.73183621
13443113,-79.28891121,43.803126598
13448570,-79.491053414,43.763502154
13446777,-79.322210344,43.773501434
13450686,-79.290918004,43.746179696
13459282,-79.5521565,43.695796323
13443229,-79.263781421,43.80143078
13443657,-79.41186141,43.799823618
13442207,-79.270332825,43.814208666
13455765,-79.555983687,43.716947654
13468313,-79.410852481,43.639246106
13442002,-79.239851352,43.818418538
13464999,-79.385854942,43.660815665
13444613,-79.180680323,43.788456893
13452623,-79.268607437,43.733814162
14252582,-79.220263003,43.825197152
13448704,-79.321995073,43.760112326
13458802,-79.502379568,43.697593713
13455359,-79.337316385,43.716553623
13468309,-79.424840138,43.639466162
13445096,-79.353029966,43.787345015
13444313,-79.259813774,43.792061474
13446901,-79.186865725,43.770612669
13468614,-79.551479433,43.638176587
13442730,-79.270392677,43.807186877
13974857,-79.287717878,43.764259857
13445134,-79.276050426,43.785928241
13462466,-79.471906333,43.677228354
13445128,-79.463188427,43.788647727
13451634,-79.235256529,43.739530046
13450148,-79.600052957,43.754027283
13444959,-79.270495085,43.787132536
13453863,-79.389531457,43.727790715
13444899,-79.373287219,43.78914941
13448318,-79.294701977,43.762586996
13454852,-79.619040815,43.723511381
13448069,-79.34695296,43.765287174
13470305,-79.547135659,43.60602451
13442440,-79.323414235,43.811636552
13453187,-79.483603107,43.733122391
13454407,-79.339613164,43.723024789
13462831,-79.414849302,43.67433882
13443039,-79.3547095,43.804909917
14184392,-79.224306837,43.816926986
13463447,-79.353215809,43.669706839
13448718,-79.278678543,43.75935259
13444956,-79.457635003,43.789847553
13449122,-79.339443723,43.757447722
13462686,-79.470392328,43.675918102
13449067,-79.422559631,43.758950435
13453576,-79.589423264,43.732022688
13444278,-79.350441326,43.79363069
13454987,-79.506267686,43.72124327
13443752,-79.312313933,43.797487517
13463389,-79.370407158,43.670258345
13444903,-79.257281791,43.78739255
13465109,-79.34674384,43.659580909
13443970,-79.319312838,43.795851462
13459957,-79.471515197,43.690977775
13444720,-79.208343312,43.787972625
13444260,-79.336983581,43.793528703
13448187,-79.194741656,43.762014238
13445620,-79.48105779,43.784700209
13448996,-79.319196159,43.758051019
13470192,-79.552148386,43.609932672
13463084,-79.354932075,43.672008823
13443095,-79.199771823,43.801974588
13468303,-79.440964082,43.639739844
13460964,-79.356949291,43.683931608
13450231,-79.456751183,43.751663147
13448247,-79.397053542,43.764583218
13442417,-79.252915741,43.810854996
13442363,-79.301945363,43.812136884
13444211,-79.245208757,43.79253403
13454771,-79.562692963,43.723393765
13445637,-79.349125073,43.78276788
13463579,-79.593301545,43.67218926
13448931,-79.500004231,43.761063196
13444470,-79.211630691,43.790042275
13464467,-79.488539728,43.665641552
13443821,-79.230321825,43.795594734
13464453,-79.478957952,43.665563119
13458526,-79.275619393,43.695873018
13453325,-79.281238385,43.729257441
13450610,-79.598598077,43.750901845
13461471,-79.423452951,43.682143143
13447951,-79.47148067,43.767826452
13461913,-79.532826569,43.68108973
13448105,-79.31816426,43.764515225
14171575,-79.300075952,43.825318593
13463362,-79.471124017,43.671781455
13450334,-79.27460762,43.748408189
13460112,-79.355266224,43.688547184
13450205,-79.467219833,43.751924475
13451254,-79.225162663,43.741792728
13447551,-79.272819041,43.767555096
13467882,-79.424798449,43.643016998
13454800,-79.61584949,43.723888289
13468356,-79.540627325,43.640641448
13442071,-79.33208377,43.817878414
13454661,-79.496770824,43.723357328
20046140,-79.545715251,43.721271824
13459870,-79.54459632,43.692439761
13457866,-79.27242871,43.700216352
13458311,-79.432868317,43.699434707
13454428,-79.560204303,43.725902012
13448551,-79.465699372,43.763286064
13463735,-79.439465635,43.669414553
13455811,-79.362317425,43.714089409
13445039,-79.193342308,43.785344331
13442585,-79.262775984,43.808825311
13466531,-79.448086936,43.652115998
13455700,-79.336350999,43.714403694
13458006,-79.423140016,43.701508449
13445796,-79.28689933,43.780515332
13455749,-79.446520825,43.715615626
13464614,-79.333304158,43.662573133
13450163,-79.274934957,43.749497973
13450391,-79.281442281,43.748178366
13448866,-79.465211802,43.761042252
13441893,-79.23797027,43.820403527
13446406,-79.161785661,43.773893844
13445484,-79.255461918,43.782737762
13448547,-79.225324349,43.759822656
13468584,-79.399649677,43.636484714
13454202,-79.325299273,43.724399497
13470217,-79.548313114,43.609009482
13463408,-79.303877044,43.669175214
14184384,-79.226802332,43.814509039
13460466,-79.482878351,43.688368362
13450532,-79.20934926,43.746002638
13462655,-79.550891235,43.67717874
13464598,-79.58767597,43.666100958
13445741,-79.1408215,43.778645958
13448786,-79.233077918,43.758184772
13442971,-79.383395224,43.80609056
13459821,-79.467696023,43.691716099
13468216,-79.437277192,43.640451007
13456978,-79.395492656,43.707328018
13451896,-79.405913746,43.740377262
13441814,-79.307066646,43.823689926
13448917,-79.410559919,43.759947535
13455959,-79.297404605,43.712234393
13462225,-79.320801549,43.676533345
13461915,-79.466009488,43.680201715
13446836,-79.346462184,43.773498419
13448244,-79.411764603,43.76481427
13459300,-79.334555219,43.692740399
13448759,-79.308292027,43.759487176
13466999,-79.499214029,43.650065077
13455026,-79.426637405,43.719941032
13465313,-79.352239137,43.658332335
13446566,-79.511092596,43.777718189
13446751,-79.517010758,43.776362447
13469971,-79.518846506,43.61699346
13454501,-79.550565111,43.725096859
13449194,-79.425737776,43.758218962
13452740,-79.44267059,43.735582438
13446120,-79.152761071,43.775969221
13464821,-79.379374831,43.661875723
13446990,-79.179892778,43.769840856
13468202,-79.566001654,43.642248038
14630472,-79.232198186,43.841060674
13442251,-79.243076379,43.812971092
13451957,-79.243741725,43.737632016
30017743,-79.305083358,43.824166412
14660468,-79.183553249,43.805614441
30113634,-79.311038472,43.778018104
13445495,-79.131624192,43.780704879
13468370,-79.451310186,43.639339932
13444456,-79.175574283,43.789613048
13450708,-79.291270619,43.746099341
13452383,-79.255609315,43.735074481
13444159,-79.355235659,43.794749492
13444330,-79.248975624,43.791741207
13441706,-79.291746084,43.827252269
13470207,-79.560275032,43.609419438
13463082,-79.325074871,43.671580237
13442715,-79.218654322,43.80653698
13454543,-79.412108748,43.72303155
13449898,-79.469662297,43.754028254
13467944,-79.427159671,43.642510051
13456636,-79.384909344,43.709455663
13444062,-79.238752983,43.793869815
13446954,-79.255428288,43.771305236
13449875,-79.480286885,43.754321263
13450552,-79.549075768,43.750648622
13448052,-79.20884409,43.763346832
30013028,-79.335142195,43.775522644
13446629,-79.326699121,43.774666567
20056886,-79.423553302,43.639723138
13468541,-79.547772814,43.639029317
13450973,-79.394210676,43.745934902
13464662,-79.340597037,43.662281985
13441971,-79.237386711,43.818980004
13456221,-79.373900687,43.711732851
13455564,-79.441339497,43.71669435
13453287,-79.59353975,43.733771898
13457550,-79.346628658,43.703211966
13466677,-79.445323021,43.65120174
13447955,-79.283837356,43.765168276
13454774,-79.300592561,43.719785828
13461635,-79.29587165,43.679384709
13448130,-79.477533928,43.76649159
13459898,-79.566160161,43.692560462
13446227,-79.156389878,43.775138122
13450935,-79.297655081,43.744715622
13448844,-79.415507787,43.760516154
14252616,-79.218654196,43.823264583
13457696,-79.550440189,43.705109341
13455957,-79.262511492,43.711712845
13454469,-79.491079841,43.724617299
13459334,-79.285510984,43.691860403
13468377,-79.392226471,43.638453706
13468572,-79.53801171,43.638524294
13455330,-79.612594595,43.720403578
13464450,-79.475792281,43.665532168
13464763,-79.532033519,43.664281343
13462936,-79.557670607,43.675622846
13445612,-79.293462652,43.782117211
13446875,-79.176279348,43.770649944
13451311,-79.307406112,43.742644116
13454454,-79.332024755,43.722588819
13446543,-79.166336271,43.772880974
13458477,-79.349267152,43.697203932
13446062,-79.226575921,43.777589547
13453700,-79.611813296,43.731687407
13442522,-79.221658947,43.80917399
13454567,-79.494154662,43.723946049
13466404,-79.366087216,43.651764446
30029327,-79.271278656,43.702132714
13456671,-79.553431405,43.7115298
13459208,-79.453956329,43.694875644
13442883,-79.190153985,43.80416334
13447210,-79.450946109,43.772312495
13470664,-79.53861601,43.593291
13449754,-79.443161352,43.754567041
13470386,-79.497958659,43.60236076
13457431,-79.490231605,43.705806037
13458934,-79.527459386,43.69727809
13452880,-79.528906779,43.735797934
13458224,-79.512124829,43.701091224
13467752,-79.375477773,43.643313896
13469816,-79.503748864,43.620254178
14043045,-79.436881405,43.651712011
13444143,-79.215182242,43.7928045
13468375,-79.443825282,43.639181488
13457225,-79.402765064,43.705822343
14187627,-79.617770373,43.732648748
13448953,-79.418763141,43.759789367
13452045,-79.337082593,43.738508605
13449983,-79.205957084,43.749656918
13455908,-79.531581972,43.715783092
13468437,-79.453640008,43.638806188
13499223,-79.132922078,43.780418485
13452251,-79.535330785,43.739936912
13466418,-79.381718253,43.651893769
13449023,-79.240188187,43.756661891
13446898,-79.253653116,43.771678579
13450880,-79.211663265,43.743722155
13452897,-79.447277074,43.734584855
13446727,-79.172258594,43.771538716
13443378,-79.212890353,43.799181726
13459143,-79.331139667,43.693476931
13462570,-79.281216349,43.673954651
13449905,-79.267176978,43.751092065
13464709,-79.336315995,43.661911379
13459608,-79.463053183,43.692842859
13461072,-79.599419224,43.686558177
13443144,-79.391587281,43.804294222
13468626,-79.44156508,43.636638735
13458074,-79.259551028,43.698658003
13453815,-79.59945115,43.730908779
13470045,-79.529599029,43.615037314
30034152,-79.375303062,43.722687156
13442696,-79.370441615,43.808963209
13444592,-79.17982354,43.788643624
13446293,-79.315548977,43.777024369
14252748,-79.220911449,43.826321478
13446518,-79.343722661,43.775834695
13469828,-79.504920166,43.620015281
13468360,-79.459387831,43.63953516
13470690,-79.54283476,43.592295038
13442637,-79.367755074,43.809598303
13460180,-79.573298164,43.691084197
13466802,-79.392155985,43.64968115
13990837,-79.556903588,43.61012618
13447425,-79.191693122,43.767204178
14134889,-79.38272498,43.639505406
13448553,-79.324994931,43.761296065
13459025,-79.278961735,43.693310481
13460830,-79.49121806,43.686599238
100,-79.380916,43.645255
13459088,-79.273038148,43.692871554
13456297,-79.265758196,43.709714899
13458312,-79.263999272,43.696993617
