gta06,INT_ID
201,110
209,110
125,205
71,214
72,214
116,208
442,115
443,115
452,115
105,209
264,222
204,109
52,103
50,103
37,103
38,103
464,401
463,401
116,207
119,207
195,113
228,113
464,402
465,402
463,402
183,162
182,162
179,162
178,162
531,228
71,158
72,158
316,202
421,164
119,206
125,206
442,114
441,114
204,108
536,227
42,105
40,105
183,161
178,161
45,215
312,200
308,200
275,221
276,221
196,112
214,112
72,213
94,213
101,210
104,210
105,210
205,107
465,403
463,403
71,157
72,157
68,154
49,154
51,154
69,154
43,106
483,404
481,404
467,404
20,217
205,217
124,203
490,304
279,218
258,223
251,225
186,159
173,159
70,155
47,155
427,165
420,165
94,212
95,212
313,201
210,111
184,160
174,160
173,160
487,302
500,302
501,302
448,116
444,116
509,301
500,301
501,301
95,211
103,211
487,303
488,303
54,102
52,102
37,102
36,102
71,156
67,153
68,153
51,153
53,153
67,152
55,152
53,152
50,104
38,104
56,101
54,101
35,101
36,101
55,151
57,151
251,224
258,224
250,224
259,224
21,216
205,216
491,305
280,219
538,226
317,204
280,220
276,220
181,163
180,163
101,13465703
414,13454197
415,13454197
529,13454827
528,13454827
615,14606950
618,14606950
559,13447211
560,13447211
130,13462698
143,13462698
60,13467923
33,13467923
61,13467923
30,13467923
366,13454806
365,13454806
252,14232506
569,13444973
251,13459820
574,13444084
573,13444084
545,13454337
546,13454337
564,13444687
565,13444687
566,13444687
567,13444687
545,13454867
546,13454867
552,13450997
549,13450997
564,13444869
566,13444869
518,13451513
535,13455179
533,13455179
512,13448868
516,13448868
523,13452476
532,13452476
621,13442514
620,13442514
623,13442514
575,13442521
572,13442521
624,13442521
544,13457893
523,13452119
532,13452119
520,13452119
519,13452119
521,13449204
512,13449204
511,13449204
497,13446514
491,13446514
492,13446514
497,13446212
496,13446212
492,13446212
494,13446212
491,13445760
492,13445760
620,13442606
577,13443509
578,13443509
620,13443509
613,13443509
205,13462168
541,13459028
542,13459028
536,13456762
535,13456762
520,13452053
519,13452053
521,13449501
522,13449501
510,13449501
511,13449501
536,13455585
535,13455585
533,13455585
534,13455585
541,13460017
542,13460017
621,13441963
490,13446827
497,13446827
491,13446827
498,13446827
492,13445553
494,13445553
493,13445553
509,13449830
500,13449830
522,13449830
510,13449830
578,13444590
579,13444590
524,13453221
525,13453221
530,13453221
531,13453221
578,13443955
613,13443955
614,13442839
619,13442839
613,13442839
343,13462163
348,13462163
344,13462163
340,13462163
378,13451185
529,13455284
528,13455284
530,13455284
534,13455284
580,13445175
579,13445175
509,13450484
502,13450484
503,13450484
508,13450484
538,13458963
538,13458308
528,13456330
537,13456330
622,13441850
256,13461728
252,13461728
253,13461728
612,13443499
614,13443499
613,13443499
581,13444901
603,13444901
580,13444901
604,13444901
526,14074105
529,14074105
615,13442174
614,13442174
619,13442174
526,13453588
529,13453588
525,13453588
530,13453588
617,14249068
487,13447843
501,13447843
254,13463494
255,13463494
1,13463494
614,13442631
619,13442631
505,13450818
503,13450818
507,13450818
249,13457585
487,13447496
500,13447496
488,13447496
499,13447496
252,13461342
253,13461342
540,13461342
539,13461342
250,13459236
259,13459236
526,13452791
525,13452791
255,13463787
257,13463787
1,13463787
252,13460223
539,13460223
599,14038170
600,14038170
250,13459445
538,13459445
255,13462643
257,13462643
256,13462643
583,13445476
582,13445476
597,13445476
595,13445476
580,13444619
612,13444619
604,13444619
579,13444619
487,13448199
501,13448199
503,13448199
486,13448199
609,20364357
616,20364357
504,13448838
485,13448838
504,13448519
485,13448519
503,13448519
486,13448519
245,13454107
527,13454107
528,13454107
247,13454107
248,13456719
260,13456719
527,13453978
526,13453978
529,13453978
528,13453978
605,13443810
611,13443810
581,13445219
603,13445219
582,13445219
597,13445219
263,13459805
609,13441620
616,13441620
607,13442502
606,13442502
610,13442502
611,13442502
257,13461602
606,13443575
603,13443575
602,13443575
605,13443575
485,13447673
486,13447673
243,13454202
223,13454202
528,13454288
247,13454288
249,13457092
248,13457092
260,13457092
263,13459010
262,13459010
259,13459010
269,13463183
265,13463183
266,13463183
616,13441760
263,13459689
259,13459689
609,13441867
583,13445746
584,13445746
594,13445746
595,13445746
234,13449013
504,13449013
485,13449013
233,13449013
243,13453431
609,13441926
608,13441926
505,13451212
506,13451212
507,13451212
606,13443617
605,13443617
609,13441801
482,13445899
586,13445899
587,13445899
233,13448397
233,13447991
505,13451412
506,13451412
239,13451412
244,13451412
224,13455296
223,13455296
233,13448168
281,13458943
262,13458943
220,13456228
224,13454752
243,13454752
223,13454752
269,13463478
270,13463478
586,13446075
585,13446075
584,13446075
594,13446075
601,13442866
606,13442866
602,13442866
223,13456414
223,13454893
484,13446996
585,13446996
484,13446551
482,13446551
586,13446551
585,13446551
271,13464177
272,13464177
219,13455899
217,13455899
220,13455899
586,13446373
585,13446373
242,13452372
238,13452372
221,13457237
222,13457237
231,13449541
236,13449541
608,13441995
268,13465231
271,13465231
593,13444601
594,13444601
596,13444601
73,13464674
70,13464674
69,13464674
74,13464674
607,13442643
601,13442643
606,13442643
609,13441734
609,13441674
596,13444019
281,13459249
282,13459249
609,13441635
608,13441635
592,13443562
593,13443562
596,13443562
17,13465795
24,13465795
16,13465795
25,13465795
601,13443046
602,13443046
597,13443046
598,13443046
281,13459931
282,13459931
591,13442651
125,13465550
124,13465550
36,13466312
484,13446581
482,13446581
36,13466516
16,13466241
25,13466241
232,13448536
45,13462724
44,13462724
71,13462724
182,13454398
181,13454398
23,13464403
22,13464403
19,13464403
230,13448770
281,13460600
282,13460600
237,13452717
242,13452717
225,13452717
238,13452717
25,13466482
227,13452469
226,13452469
600,13441649
608,13441649
590,13442867
591,13442867
200,13456838
199,13456838
337,13464425
21,13464096
22,13464096
41,13464096
39,13464096
588,13443837
592,13443837
587,13443837
593,13443837
25,13466150
23,13464912
165,13462285
164,13462285
422,13453281
423,13453281
599,13442033
591,13442033
26,13467011
34,13467011
591,13441903
72,13463030
94,13463030
205,13462162
231,13449822
237,13449822
230,13449822
236,13449822
207,13459852
71,13462552
599,13441919
600,13441919
480,13444966
217,13457532
216,13456348
219,13456348
217,13456348
212,13456348
588,13444158
587,13444158
477,13444318
588,13444318
480,13444318
587,13444318
103,13463664
104,13463664
169,13461271
186,13461271
173,13461271
95,13463585
103,13463585
599,13441740
600,13441740
217,13458625
208,13458625
284,13458625
165,13461950
170,13461950
90,13467722
77,13467722
78,13467722
590,13442003
591,13442003
216,13457650
217,13457650
305,13468745
304,13468745
302,13468745
170,13462648
167,13462648
169,13462648
168,13462648
216,13458404
209,13458404
187,13462422
169,13462422
168,13462422
186,13462422
176,13460587
171,13460587
172,13460587
229,13450611
227,13450611
226,13450611
230,13450611
473,13442279
472,13442279
473,13443090
589,13443090
166,13463350
165,13463350
89,13468374
110,13468374
286,13470353
287,13470353
319,13465689
316,13465689
318,13465689
314,13465689
16,13465784
473,13442179
589,13442179
90,13468053
479,13444423
478,13444423
475,13444423
476,13444423
472,13442528
471,13442528
201,13457359
200,13457359
147,13463516
289,13470120
287,13470120
129,13463893
145,13463893
146,13463893
478,13444761
469,13444761
468,13444761
475,13444761
165,13462582
164,13462582
201,13457449
200,13457449
199,13457449
216,13457453
210,13457453
216,13456819
211,13456819
210,13456819
212,13456819
125,13465319
124,13465319
126,13465319
127,13465319
617,14248958
100,13466425
101,13466425
90,13467715
98,13467715
99,13467983
108,13467983
109,13467983
89,13467983
110,13467983
319,13466818
320,13466818
314,13466818
130,13463871
176,13460901
171,13460901
163,13460901
127,13464451
148,13463080
147,13463080
108,13466826
107,13466826
301,13469508
216,13458104
209,13458104
211,13456902
210,13456902
472,13442682
471,13442682
144,13461687
149,13461687
105,13464191
458,13445452
457,13445452
462,13445452
461,13445452
113,13468436
110,13468436
145,13463232
146,13463232
128,13464510
127,13464510
129,13464510
203,13460576
188,13460576
202,13460576
229,13451068
227,13451068
228,13451068
228,13449877
193,13454662
192,13454662
191,13457863
189,13457863
185,13457863
117,13464592
128,13464406
127,13464406
129,13464406
189,13459836
188,13459836
202,13459836
120,13468605
122,13468605
105,13464092
196,13452678
195,13452678
229,13448880
126,13464461
127,13464461
162,13461384
319,13464483
340,13464483
318,13464483
195,13451789
117,13464438
118,13464438
458,13445882
457,13445882
449,13445882
451,13445882
400,13450799
129,13464218
181,13453533
118,13464439
288,13469783
184,13458084
191,13458084
174,13458084
185,13458084
176,13459036
175,13459036
177,13459036
163,13459036
161,13459036
447,13443870
446,13443870
159,13457667
459,13443242
460,13443242
130,13461228
142,13461228
140,13461228
131,13461228
97,13466116
102,13466116
96,13466116
150,13461619
194,13452017
195,13452017
179,13456031
157,13456031
178,13456031
158,13456031
193,13455135
183,13455135
182,13455135
192,13455135
178,13457350
159,13457350
121,13468486
112,13468486
119,13465772
434,13445047
191,13457799
190,13457799
189,13457799
460,13442747
184,13457395
191,13457395
143,13462567
182,13455028
437,13446584
438,13446584
435,13446584
149,13461587
150,13461587
423,13452437
440,13452437
424,13452437
322,13466915
321,13466915
130,13461263
131,13461263
292,13470130
141,13459347
151,13459347
183,13456244
192,13456244
292,13469914
288,13469914
447,13445250
448,13445250
445,13445250
444,13445250
175,13458706
177,13458706
342,13461007
157,13456468
158,13456468
140,13460216
157,13454491
311,13469211
312,13469211
323,13469211
154,13457330
153,13457330
137,13457330
440,13449607
427,13449607
426,13449607
439,13449607
149,13460119
150,13460119
151,13460119
142,13460757
140,13460757
432,13446031
431,13446031
435,13446031
343,13461680
340,13461680
341,13461680
342,13461680
132,13458238
139,13458238
193,13454748
192,13454748
299,13469800
300,13469800
157,13455455
155,13456692
156,13456692
432,13444801
431,13444801
292,13470261
140,13459968
131,13459968
432,13444609
431,13444609
154,13456952
155,13456952
153,13456952
156,13456952
292,13470006
299,13469998
299,13470147
298,13470147
132,13458367
133,13458367
414,13453983
415,13453983
410,13455040
408,13455040
409,13455040
132,13457965
134,13457965
139,13457965
138,13457965
343,13460207
342,13460207
133,13457985
555,13449936
427,13450069
426,13450069
296,13470350
298,13470350
437,13446970
429,13446970
436,13446970
435,13446970
294,13470610
393,13445306
430,13445306
353,13459022
351,13459022
350,13459022
308,13469743
299,13469743
328,13468751
329,13468751
323,13468751
410,13454050
411,13454050
296,13470438
298,13470438
297,13470438
394,13447779
393,13447779
429,13447779
428,13447779
414,13453125
413,13453125
338,13465491
339,13465491
322,13465491
320,13465491
349,13458327
208,13458913
284,13458913
343,13459156
350,13459156
349,13459156
134,13457027
350,13458463
349,13458463
352,13461140
347,13461140
348,13461140
351,13461140
309,13470082
310,13469458
324,13469458
326,13467918
327,13467918
332,13467918
333,13467918
347,13462349
348,13462349
529,13454488
530,13454488
405,13455580
392,13446042
391,13446042
393,13446837
430,13446837
413,13451388
412,13451388
417,13451388
416,13451388
396,13449857
395,13449857
390,13449373
400,13449373
430,14646572
431,14646572
355,13457759
354,13457759
387,13448814
338,13464505
345,13464505
337,13464505
401,13449500
389,13449500
390,13449500
400,13449500
402,13453198
404,13453198
411,13452283
406,13452283
407,13452283
400,13452283
66,13467204
406,13452693
407,13452693
401,13449708
389,13449708
388,13449708
352,13459576
353,13459576
351,13459576
325,13469240
324,13469240
374,13451305
375,13451305
385,13451305
384,13451305
403,13451305
389,13448840
390,13448840
402,13453059
405,13453059
389,13447218
390,13447218
366,13454154
368,13454154
389,13447070
388,13447070
367,13456668
362,13456668
354,13456668
363,13456668
389,13446896
391,13446896
390,13446896
402,13450142
388,13450142
388,13447223
386,13450342
403,13450342
388,13450342
346,13461594
352,13461594
347,13461594
388,13449359
361,13456327
367,13456327
362,13456327
336,13465185
388,13447719
387,13447719
357,13460801
358,13460801
374,13451819
376,13451819
388,13447608
357,13461025
358,13461025
377,13452977
372,13452977
359,13458741
373,13452853
377,13452853
372,13452853
371,13453882
372,13453882
373,13452362
374,13452362
376,13452362
359,13458987
374,13452733
375,13452733
373,13452171
376,13452171
373,13452047
377,13452047
376,13452047
381,13452047
368,13454453
316,13466992
314,13466992
385,13448601
384,13448601
371,13453590
382,13449294
383,13449294
292,13469987
154,13457037
137,13457037
382,13450421
380,13450421
619,13442563
574,13444174
573,13444174
378,13451252
225,13453535
350,13457971
349,13457971
389,13447351
455,13448501
452,13448501
470,13443581
308,13469464
366,13454339
159,13457821
350,13458841
120,13467143
614,13443040
613,13443040
286,13469870
287,13469870
578,13444405
495,13446997
514,13446997
140,13460444
495,13446940
514,13446940
410,13454362
411,13454362
217,13457871
260,13456140
546,13455280
375,13452256
188,13460726
396,13449486
399,13449486
239,13450150
405,13454642
390,13448828
337,13465650
532,13452647
325,13469015
205,13462445
130,13463578
458,13445380
449,13445380
569,13444896
573,13444896
143,13461812
618,14249637
235,13449504
250,13458348
211,13456216
614,13442611
619,13442611
560,13446613
340,20089355
318,20089355
394,13448651
606,13443127
611,13443127
248,13456270
260,13456270
299,13470159
298,13470159
132,13458880
21,13463124
20,13463124
205,13463124
279,13461456
282,13461456
459,30104484
458,30104484
410,13454780
409,13454780
249,13457716
537,13457716
621,13442254
252,13461408
253,13461408
599,13442363
591,13442363
312,13468683
323,13468683
366,13454046
392,13448492
395,13448492
6,13466520
385,13450946
384,13450946
338,13465631
322,13465631
273,13462887
274,13462887
557,13448888
558,13448888
559,20105765
558,20105765
248,13455637
260,13455637
319,13464798
340,13464798
249,13457210
21,13463868
22,13463868
6,13466690
474,13443349
255,13463058
257,13463058
263,13459424
259,13459424
545,13454133
546,13454133
378,13452729
531,13454439
534,13454439
312,13468811
323,13468811
544,13457129
591,13442052
281,13459268
262,13459268
406,13451446
568,13446558
255,13463293
257,13463293
601,13442555
598,13442555
260,13456343
261,13456343
528,13455709
612,13444135
579,13444135
545,13455525
546,13455525
353,13458771
575,13442803
624,13442803
532,13453057
521,13451001
522,13451001
285,13469683
269,13463743
270,13463743
547,13453501
548,13453501
255,13462329
256,13462329
528,13456233
537,13456233
288,13469669
538,13458057
319,13466153
314,13466153
240,13452422
456,13447772
453,13447772
612,13443713
571,30022876
282,13459803
533,13454823
622,13442070
249,13458442
538,13458442
286,13469793
287,13469793
130,13461926
143,13461926
16,13465975
308,13469555
296,13470303
292,13470303
286,13470022
287,13470022
424,13451804
457,13446992
451,13446992
417,13450103
395,13450103
418,13450103
223,13455900
179,14046422
422,13453454
487,13447184
343,13459503
349,13459503
287,13470172
316,13466745
314,13466745
435,13446163
264,13461716
274,13461716
571,13444364
521,13449827
522,13449827
249,13458464
336,13464929
245,13453655
244,13453655
296,13470396
298,13470396
77,13467197
66,13467197
334,13467434
335,13467434
536,13457566
535,13457566
402,13451938
457,13446622
451,13446622
225,13454006
570,13444589
571,13444589
547,13453065
548,13453065
325,13468845
433,13444789
71,13463075
29,13467485
27,13467485
28,13467485
535,13456203
126,13464977
559,13447347
558,13447347
560,13447347
143,13461381
142,13461381
513,13447832
514,13447832
485,13448712
233,13448712
536,13456092
535,13456092
21,13463693
521,13449481
203,13460447
202,13460447
536,13456383
535,13456383
500,13448268
499,13448268
431,13445937
390,13447836
547,13453279
548,13453279
518,13449721
517,13449721
90,30109241
182,13454632
340,13463038
318,13463038
396,13450308
412,13450308
399,13450308
116,13465288
400,13451567
206,13461553
181,13454073
286,13470070
287,13470070
160,13459219
161,13459219
343,13460071
350,13460071
157,13456161
158,13456161
228,13449989
183,13455397
192,13455397
439,13448857
372,13453619
428,13448129
396,13448693
397,13448693
164,13461740
385,13451124
403,13451124
532,13453253
260,13455374
247,13455374
583,13445649
582,13445649
521,13450460
522,13450460
165,13462431
170,13462431
559,13447596
558,13447596
428,13448597
516,13449176
469,13443890
473,13442850
474,13442850
286,13469945
287,13469945
398,20015401
323,13469029
603,13444733
597,13444733
194,13452101
183,13455942
192,13455942
545,13975289
548,13975289
257,13463317
266,13463317
603,13444522
605,13444522
557,13448171
559,13448171
344,13462889
340,13462889
542,13458644
329,13468457
323,13468457
322,13468457
303,13468841
304,13468841
302,13468841
469,13443611
470,13443611
619,13442290
456,13448115
453,13448115
407,20164824
405,20164824
544,13457615
536,13457615
535,13457615
334,13467838
335,13467838
213,13454004
214,13454004
113,13468159
537,13457695
620,13443108
613,13443108
516,13449390
188,13460848
143,13462178
544,13457616
607,13442336
610,13442336
510,13448727
511,13448727
176,13460575
163,13460575
308,13469764
299,13469764
254,13463187
255,13463187
253,13463187
363,13455529
364,13455529
156,13457352
537,13457926
153,13458400
156,13458400
164,13462333
518,13450508
517,13450508
413,13451959
416,13451959
216,13457987
217,13457987
197,13456247
198,13456247
21,13463777
22,13463777
20,13463777
557,13448608
558,13448608
23,13464719
22,13464719
39,13464719
38,13464719
264,13461380
258,13461380
373,13452527
591,13442499
178,13456552
87,13468912
88,13468912
304,13468844
302,13468844
167,30072982
540,13461226
539,13461226
129,13463416
340,13463615
318,13463615
216,13456999
217,13456999
319,13464902
340,13464902
478,13445034
468,13445034
505,13450857
239,13450857
523,13452253
349,13459782
189,13459465
185,13459465
400,13449758
340,13462634
341,13462634
528,13456004
539,13459341
542,13459341
353,13457805
350,13457805
254,13463152
253,13463152
115,13466640
114,13466640
179,13455194
412,13451209
521,13450756
522,13450756
458,13445655
449,13445655
294,13470586
620,13442496
248,13455247
528,13455247
247,13455247
253,13462263
437,13447143
438,13447143
618,14248133
502,13449405
503,13449405
458,13445267
449,13445267
94,13463865
95,13463865
597,13444980
595,13444980
109,13468080
110,13468080
264,13461623
258,13461623
251,13459651
250,13459651
538,13459651
428,13449369
392,13446703
245,13452245
506,13452245
603,13444964
597,13444964
251,13460937
258,13460937
225,13454113
229,13449082
128,13465050
127,13465050
502,13450349
503,13450349
228,13450273
512,13447928
513,13447928
470,13443773
474,13443773
301,13469592
512,13448088
560,13446432
255,13462824
257,13462824
227,13451853
226,13451853
482,13445430
587,13445430
215,13453881
227,13453881
218,13453881
143,13461967
386,13449110
339,13464097
344,13464097
340,13464097
540,13460704
539,13460704
244,13452485
272,13463166
273,13463166
269,13463573
270,13463573
356,13457727
355,13457727
285,13469442
432,13444596
433,13444596
544,13455590
545,13455590
365,13454299
337,13465103
324,20110447
312,13468572
323,13468572
239,13451476
458,13445078
461,13445078
533,13454396
46,13464042
42,13464042
319,13466259
320,13466259
370,30032676
223,13456157
401,13450486
400,13450486
435,13446380
120,13468518
122,13468518
102,13465254
96,13465254
349,13458547
393,13446259
367,13455516
363,13455516
583,13445883
582,13445883
51,13465361
50,13465361
230,13448649
363,13456080
364,13456080
581,13445947
582,13445947
342,13460834
370,13453941
229,13450773
227,13450773
263,13459914
281,13459914
94,13464157
95,13464157
539,13459016
542,13459016
538,13459016
131,13460422
549,13451125
447,13445027
459,13445027
458,13445027
449,13445027
583,13446213
582,13446213
130,13463344
597,13444800
595,13444800
536,13457277
538,13457277
94,13463568
95,13463568
428,13447927
622,13441904
625,13441904
176,20028249
163,20028249
371,13453439
307,13469379
301,13469379
195,13452263
578,13503897
217,13458054
424,13452530
553,13450255
554,13450255
227,13451275
226,13451275
374,13451900
375,13451900
245,13452414
244,13452414
485,13448310
233,13448310
507,13452167
393,13447281
392,13446464
125,13465858
124,13465858
203,13461005
188,13461005
432,13444683
206,13461129
136,13455910
137,13455910
215,13454957
218,13454957
245,13454074
246,13454074
247,13454074
358,13459809
564,30090087
49,13464728
48,13464728
250,13459193
120,13466722
115,13466722
140,13460334
131,13460334
596,13444192
71,13462785
201,13458172
497,13448439
498,13448439
543,13457171
343,13461037
342,13461037
533,13454523
227,13450910
226,13450910
308,13468822
307,13468822
193,13454343
182,13454343
219,13455882
215,13455882
396,13449156
395,13449156
530,13453581
531,13453581
512,13448960
516,13448960
46,13463813
47,13463813
263,13460818
281,13460818
276,13460818
319,13465275
318,13465275
424,13452200
179,13455354
157,13455354
220,13456008
248,13455948
260,13455948
12,13466977
13,13466977
157,13456342
158,13456342
246,13454909
247,13454909
535,13455638
272,13463801
412,13450594
417,13450594
250,13457986
259,13457986
271,13464720
109,13467935
183,13456556
192,13456556
249,13457248
261,13457248
211,13456722
32,13467854
33,13467854
30,13467854
245,13453395
506,13453395
245,13453274
244,13453274
601,13442432
482,13446226
586,13446226
389,13447776
388,13447776
434,13445177
581,13445692
580,13445692
217,13456733
220,13456733
90,13467859
502,13449279
501,13449279
173,13460776
268,13465017
270,13465017
500,13449196
510,13449196
92,13465966
93,13465966
137,13456597
308,13469789
299,13469789
321,13466985
236,13450238
97,13466940
98,13466940
282,13459492
570,13444466
125,13466171
124,13466171
153,13457869
596,13444370
524,13453093
531,13453093
388,13448137
134,13457629
281,13459590
282,13459590
158,13456989
248,13456438
528,13456438
501,13449009
193,13454002
181,13454002
242,13453783
224,13453783
243,13453783
241,13453783
480,13445256
482,13445256
587,13445256
182,13454301
181,13454301
24,13465894
25,13465894
514,13447158
269,13463995
266,13463995
75,13465581
74,13465581
321,14204003
313,14204003
194,13452219
544,13454814
545,13454814
55,13466960
57,13466960
56,13466960
54,13466960
531,13453613
183,13456533
326,13469001
324,13469001
501,13448474
555,13449375
124,13465635
123,13465635
127,13465635
340,13463932
318,13463932
470,13443573
474,13443573
26,13466801
145,14172279
146,14172279
307,13468469
306,13468469
107,13466235
456,13446795
457,13446795
462,13446795
463,13446795
196,13452847
214,13452847
227,13452847
325,13468412
334,13468412
128,13464616
357,13460075
356,13460075
355,13460075
390,13449201
400,13449201
507,13451351
520,13451069
174,13459357
185,13459357
202,13459913
204,13459913
275,13461105
276,13461105
133,13457191
248,13456185
528,13456185
211,13456452
305,13468587
366,13454188
572,13442671
228,13449377
343,13459942
342,13459942
502,13449786
501,13449786
264,13460535
258,13460535
106,13465061
72,13462937
357,13462101
615,13441922
189,13459185
185,13459185
181,13453964
555,13449684
407,20145217
343,13460559
348,13460559
351,13460559
350,13460559
342,13461060
313,13467331
216,13456739
217,13456739
434,13445370
544,13457682
340,13462244
341,13462244
93,13465112
201,13458124
210,13458124
209,13458124
374,13452207
375,13452207
536,13456984
535,13456984
97,13466923
98,13466923
99,13466923
100,13466923
506,13451714
507,13451714
334,13467170
335,13467170
528,13454924
247,13454924
261,13457066
301,13469405
490,13446271
491,13446271
553,13449625
554,13449625
614,13442403
619,13442403
142,13460945
237,13452683
225,13452683
352,13460270
351,13460270
541,13459344
542,13459344
401,13449866
400,13449866
296,13470590
297,13470590
178,13456127
457,13446100
462,13446100
269,13464374
266,13464374
160,13458939
161,13458939
612,13443825
613,13443825
239,13450540
456,13447573
463,13447573
369,13455506
360,13455506
414,13454300
410,13454300
415,13454300
406,13451142
401,13451142
506,13452605
507,13452605
292,13470081
288,13470081
392,13447353
391,13447353
398,13447353
515,13449802
517,13449802
459,13443354
186,13460975
188,13460975
229,13450684
227,13450684
512,13448232
513,13448232
404,13454374
296,13470410
249,13457068
537,13457068
167,13462935
168,13462935
257,13461912
438,13446359
435,13446359
389,13448831
404,13455435
268,13465276
267,13465276
5,13465276
4,13465276
299,13469954
225,30077719
245,13453008
506,13453008
378,13451785
181,13453370
294,13470566
293,13470566
290,13470566
556,13447663
559,13447663
425,13451454
424,13451454
159,13458026
269,13464286
266,13464286
389,13448152
193,13454457
166,13463123
165,13463123
27,13467311
28,13467311
182,13454664
375,13453194
23,13465366
24,13465366
518,13450964
517,13450964
228,13449173
532,13452878
519,13452878
571,13444054
115,13466778
120,13467129
115,13467129
254,13463288
255,13463288
404,13453536
293,13470354
291,13470354
587,13444748
571,13444502
272,30036276
487,13446952
257,13461421
256,13461421
149,13460601
150,13460601
540,13460832
539,13460832
215,13454307
218,13454307
203,13461334
188,13461334
248,13455487
528,13455487
395,13449419
588,13443314
592,13443314
250,13458424
485,13448600
543,13456826
73,13464417
70,13464417
428,13449046
596,13444507
595,13444507
286,13470214
287,13470214
385,13449995
384,13449995
518,13450073
517,13450073
411,13452160
211,13456135
212,13456135
177,13457929
437,13447478
438,13447478
429,13446410
435,13446410
282,13460374
328,13468280
329,13468280
60,13467909
506,13453073
507,13453073
543,13456405
264,13461356
275,13461356
274,13461356
98,13467337
497,13447195
312,13468974
323,13468974
570,13445621
571,13445621
457,13445687
462,13445687
332,13467244
333,13467244
190,13457557
201,13457557
199,13457557
214,13453753
394,13448440
16,13466117
25,13466117
338,13465214
603,13443826
597,13443826
179,13455864
178,13455864
301,13469263
619,13442414
533,13454283
554,13450374
342,13460428
370,14651711
94,13463127
425,13451137
542,13459498
524,13453001
531,13453001
106,13464651
26,14036494
356,13458507
355,13458507
229,13450581
228,13450581
613,13443491
521,13450554
299,13469915
336,13465218
581,13445987
582,13445987
127,13465039
78,13467856
65,13467856
79,13467856
64,13467856
326,13468898
327,13468898
324,13468898
590,13442145
591,13442145
152,13459825
151,13459825
515,13449130
516,13449130
432,13445659
431,13445659
457,13445813
462,13445813
107,13465705
106,13465705
560,13446348
205,13462712
440,13451751
424,13451751
99,13466910
100,13466910
46,13464231
47,13464231
537,13456583
404,13455140
301,13469614
148,13462870
147,13462870
276,13461657
273,13461657
274,13461657
343,13460740
342,13460740
121,13468687
183,13456419
537,13457448
603,13443710
602,13443710
152,13458803
153,13458803
151,13458803
156,13458803
213,13454390
201,13458486
523,13451671
520,13451671
411,13453888
407,13453888
328,13467689
330,13467689
329,13467689
331,13467689
540,13460471
539,13460471
542,13460471
578,13503859
397,13448751
398,13448751
378,13451519
379,13451519
388,13448921
387,13448921
123,13465287
127,13465287
133,13457809
127,13464832
549,13452417
550,13452417
207,13459371
194,13452369
195,13452369
411,13452371
622,13441944
377,13453094
372,13453094
346,13463137
347,13463137
345,13463137
337,13463137
207,13459279
95,13464281
103,13464281
301,13469523
118,13464742
457,13446154
451,13446154
305,13467630
315,13467630
26,13466668
211,13456650
216,13456432
212,13456432
375,13452064
569,13444737
573,13444737
252,13460350
490,13446880
489,13446880
303,13469148
302,13469148
153,13457880
156,13457880
414,13453864
229,13449593
230,13449593
250,13458851
249,13457739
294,13470639
295,13470639
371,13453152
378,13453152
617,14634930
555,13449817
195,13452494
93,13465217
74,13465217
51,13465901
53,13465901
289,13470434
290,13470434
130,13461829
143,13461829
142,13461829
319,13465305
320,13465305
189,13459822
185,13459822
197,13455295
198,13455295
435,13445981
250,13459032
400,13450693
434,13444929
433,13444929
348,13462409
344,13462409
102,13465447
96,13465447
287,13470302
110,13468465
132,13458101
134,13458101
150,13459781
152,13459781
437,13446860
438,13446860
528,13456446
537,13456446
243,13454528
396,13450093
412,13450093
237,13452118
238,13452118
545,13456025
546,13456025
543,13456025
428,13448360
296,13470329
298,13470329
162,13460717
249,13456890
537,13456890
135,13456680
196,13453668
214,13453668
306,13468685
206,13460415
599,14038257
574,13443929
157,13456252
158,13456252
617,14248930
16,13465959
25,13465959
469,13443062
470,13443062
319,13464880
318,13464880
189,13459593
202,13459593
393,14673411
430,14673411
68,13465836
75,13465836
440,13452030
424,13452030
422,14203394
423,14203394
90,13468120
220,14236458
205,13462019
410,13453732
411,13453732
219,13455720
220,13455720
133,13457738
457,13446562
462,13446562
252,13460568
301,13469443
617,14642975
227,13451543
226,13451543
394,13449084
622,13442136
205,13461921
44,13461921
67,13466217
68,13466217
375,13452614
235,13450030
120,13467459
115,13467459
374,13453201
375,13453201
259,13458820
151,13459548
154,13456554
155,13456554
249,13456553
248,13456553
113,13467486
115,13467486
114,13467486
485,13448271
252,13460543
539,13460543
249,13456734
248,13456734
249,13456996
248,13456996
447,13443911
459,13443911
434,13445005
433,13445005
120,20058327
122,20058327
546,13454678
462,13445290
461,13445290
148,13462962
147,13462962
25,13466300
586,13445371
587,13445371
251,13459326
250,13459326
545,13454486
599,14173872
524,13452055
406,13451426
400,13451426
230,13448306
206,13460752
352,13461478
347,13461478
213,13455032
197,13455032
287,13470241
584,13445956
594,13445956
319,20236614
314,20236614
521,13450358
227,13452140
226,13452140
481,13446105
467,13446105
228,13449654
285,20031732
264,13460244
258,13460244
263,13460244
259,13460244
184,13458248
174,13458248
83,14063912
85,14063912
84,14063912
189,13459295
202,13459295
322,13467571
321,13467571
173,13460171
185,13460171
504,13449678
404,13455715
366,13454784
368,13454784
48,13464649
40,13464649
389,13448292
390,13448292
154,13455046
155,13455046
402,13452645
67,13466982
76,13466982
77,13466982
66,13466982
122,13468786
174,13458356
185,13458356
272,13463522
618,14249609
460,13443021
427,13449687
521,13449953
373,13452484
377,13452484
267,13464771
270,13464771
302,13469355
285,13469355
346,13462745
347,13462745
36,13466488
25,13466488
214,13453552
271,13464398
188,13460582
173,13460582
382,13449457
383,13449457
134,13456891
135,13456891
470,13443957
474,13443957
475,13443957
476,13443957
404,13453992
194,13452638
195,13452638
300,13469672
301,13469672
68,13465489
75,13465489
69,13465489
74,13465489
176,13460815
171,13460815
250,13458768
249,13458768
270,13464254
346,13462021
347,13462021
25,13466341
73,13464820
74,13464820
525,13453302
530,13453302
524,13452869
531,13452869
422,13453476
423,13453476
171,13460899
172,13460899
257,13462284
544,13456922
305,13467928
315,13467928
106,13464361
413,13451676
416,13451676
282,13460103
23,13465269
24,13465269
505,13450728
227,13451259
228,13451259
338,13464705
339,13464705
95,13463468
459,13444532
458,13444532
461,13444532
460,13444532
425,13450564
440,13450564
356,13459712
355,13459712
571,13444651
457,13446272
451,13446272
299,13470116
298,13470116
296,13470516
297,13470516
192,13454853
396,13449981
399,13449981
208,13458810
284,13458810
166,13463377
490,13447139
489,13447139
499,13447139
498,13447139
230,13448952
609,13441703
95,13463938
103,13463938
456,13448166
455,13448166
570,13445421
571,13445421
319,13465055
339,13465055
320,13465055
234,13449881
239,13449881
67,13466618
76,13466618
164,13461488
515,13448822
516,13448822
541,13458388
542,13458388
319,13465562
320,13465562
67,13466288
68,13466288
75,13466288
76,13466288
166,13463464
167,13463464
269,13463796
271,13463796
272,13463796
270,13463796
99,13467370
108,13467370
582,13445386
597,13445386
162,13460292
410,13454821
408,13454821
414,13453250
413,13453250
389,13447954
237,13450372
230,13450372
118,13464436
353,13458506
350,13458506
322,13466366
320,13466366
456,13447057
463,13447057
46,13464427
47,13464427
49,13464427
48,13464427
368,13455273
214,13453049
216,13457151
210,13457151
286,13470151
287,13470151
267,13464498
269,13464498
266,13464498
22,13464154
20,13464154
19,13464154
243,13454346
354,13457178
350,13457178
170,13461862
169,13461862
213,13455496
197,13455496
212,13455496
325,13469170
529,13454270
530,13454270
153,13457627
156,13457627
255,13462931
521,13449821
375,13453013
410,13454466
411,13454466
407,13454466
62,13468316
266,13464606
3,13464606
253,13462646
110,13468520
437,13447250
436,13447250
216,13456522
212,13456522
129,13463695
406,13451700
400,13451700
446,13444543
445,13444543
586,13445622
587,13445622
422,13452870
459,13443696
460,13443696
443,13446725
450,13446725
301,13469439
307,13468805
306,13468805
189,13458332
185,13458332
457,13446302
462,13446302
97,13466493
150,13461451
110,13468571
178,13456310
158,13456310
183,13456655
293,13470520
290,13470520
231,13448991
230,13448991
250,13458949
259,13458949
175,13458928
177,13458928
259,13458721
356,13459432
355,13459432
67,13466064
68,13466064
96,13465212
93,13465212
90,13467252
76,13467252
91,13467252
77,13467252
213,13454680
197,13454680
619,13442218
447,13443782
135,13456865
390,13448262
72,13463491
94,13463491
130,13462239
143,13462239
411,13451999
400,13451999
545,13453920
547,13453920
548,13453920
349,13458742
616,13441616
308,13469120
307,13469120
269,13463705
270,13463705
301,13469375
414,13453646
397,13448413
398,13448413
51,13465822
53,13465822
52,13465822
50,13465822
219,13455990
217,13455990
593,13445160
594,13445160
504,13449395
269,13463111
273,13463111
274,13463111
124,13466476
123,13466476
193,13453915
6,13466878
237,13450081
230,13450081
245,13453963
246,13453963
244,13453963
249,13457887
302,13469085
125,13465238
126,13465238
128,13464769
371,20232392
459,13444298
460,13444298
373,13453022
374,13453022
422,13453602
135,13456651
17,13465571
16,13465571
89,13468186
110,13468186
401,13450219
400,13450219
245,13452939
244,13452939
410,13453555
411,13453555
447,13444082
446,13444082
407,20145216
504,13450472
239,13450472
390,13449253
400,13449253
556,13447598
72,13463880
94,13463880
250,13458498
506,13452130
507,13452130
177,13457669
90,13467795
350,13458710
46,13463723
42,13463723
219,13456085
217,13456085
456,13447323
463,13447323
67,13466136
68,13466136
47,13464371
211,13456361
212,13456361
357,13462783
97,13466246
100,13466246
101,13466246
102,13466246
294,13470599
216,13457793
539,13459524
542,13459524
126,13464724
249,13456896
248,13456896
146,13464031
195,13451886
326,13468183
334,13468183
162,13459983
290,20112512
135,13456454
215,13454763
218,13454763
544,13456610
368,13454271
100,13466357
101,13466357
349,13458230
378,13453185
372,13453185
617,14630494
497,13448102
498,13448102
165,13462685
497,13446304
492,13446304
194,13453312
181,13453312
259,13458274
345,13464013
337,13464013
504,13449710
239,13449710
216,13457422
217,13457422
569,13444537
573,13444537
293,13470505
291,13470505
290,13470505
389,13448912
427,13449671
428,13449671
250,13458881
488,13446658
233,13448286
616,30038667
485,13448094
184,13457713
191,13457713
176,13459587
172,13459587
175,13459587
37,13466199
36,13466199
411,13453033
407,13453033
341,13461355
342,13461355
603,13444493
597,13444493
128,13465033
354,13456371
363,13456371
400,13450383
406,13451058
400,13451058
104,13463882
105,13463882
239,13451098
307,13468227
306,13468227
354,13457412
350,13457412
411,13451923
400,13451923
583,13446030
584,13446030
305,13468185
77,13467654
78,13467654
216,13457764
210,13457764
209,13457764
35,13466630
36,13466630
25,13466630
79,13468134
64,13468134
234,13449777
239,13449777
406,13450723
401,13450723
400,13450723
315,13468117
180,13454098
157,13454098
101,13466100
180,13454394
157,13454394
144,13461391
143,13461391
182,13454555
213,13453954
214,13453954
613,13443223
93,13464943
73,13464943
74,13464943
200,13456543
199,13456543
259,13459558
568,13446091
388,13449519
387,13449519
544,13457851
506,13452336
507,13452336
115,13467084
114,13467084
178,13456936
256,13460922
413,13452617
416,13452617
249,13457363
537,13457363
345,13463462
337,13463462
620,13442915
613,13442915
607,13442061
610,13442061
194,13453262
164,13461876
584,13445830
594,13445830
308,13469594
299,13469594
307,13469594
201,13457785
210,13457785
532,13453320
66,13467321
65,13467321
171,13461215
172,13461215
100,13466862
108,13466862
107,13466862
577,13443860
578,13443860
585,13446434
584,13446434
256,13461057
447,13444653
445,13444653
147,13464011
239,13451566
240,13451566
349,13458462
391,13447313
144,13461883
143,13461883
506,13451430
507,13451430
425,13450847
440,13450847
424,13450847
545,13454594
540,13461056
539,13461056
308,13469836
299,13469836
319,13465956
320,13465956
214,13453280
358,13459796
75,13466443
76,13466443
580,13444715
604,13444715
378,13451705
379,13451705
521,13449378
511,13449378
583,13446265
584,13446265
391,14064208
571,13444943
23,13464607
22,13464607
17,13465567
24,13465567
317,13465085
318,13465085
522,13449737
510,13449737
176,13460098
172,13460098
96,13465315
480,13445162
170,13461554
169,13461554
173,13461554
289,13470414
290,13470414
378,13451132
379,13451132
116,13465036
117,13465036
118,13465036
119,13465036
163,13461160
194,13453045
195,13453045
249,13457254
261,13457254
103,13464073
104,13464073
179,13455007
157,13455007
24,13465979
25,13465979
504,13449121
402,13451292
175,13458815
177,13458815
568,13447183
559,13447183
438,13446513
435,13446513
189,13458873
185,13458873
535,13455403
533,13455403
233,13448399
256,13460822
252,13460822
609,13441751
608,13441751
378,13452496
116,13465250
119,13465250
338,13465734
322,13465734
269,13462774
265,13462774
135,13456548
544,13457762
134,13457536
458,13445569
457,13445569
263,13459980
259,13459980
189,13460231
188,13460231
185,13460231
197,13455968
212,13455968
200,13455968
178,13457697
159,13457697
207,13460221
306,13469132
301,13469132
153,13458344
305,13468676
366,13455052
365,13455052
581,13445414
580,13445414
178,13456841
269,13463279
431,13444910
285,30070005
305,13468421
237,13450874
236,13450874
600,13441677
326,13467965
333,13467965
389,13449259
390,13449259
469,13444264
470,13444264
178,13456849
158,13456849
412,13450638
399,13450638
425,13450743
426,13450743
392,13446538
391,13446538
232,13448496
252,13460812
539,13460812
287,13470098
160,13458553
242,13452266
238,13452266
241,13452266
118,13465233
119,13465233
154,13455973
155,13455973
425,13450506
426,13450506
17,13465058
18,13465058
532,13452790
365,13454181
217,13456729
571,13443728
130,13463440
143,13463440
289,13470026
287,13470026
375,13453780
249,13456666
248,13456666
183,13456320
317,13465297
316,13465297
318,13465297
171,13461551
172,13461551
237,13451725
238,13451725
456,13448037
455,13448037
412,13450753
437,13448217
436,13448217
533,13454887
534,13454887
488,13447325
499,13447325
196,13453893
214,13453893
458,13445721
457,13445721
619,13442276
158,13457416
437,13447728
438,13447728
25,13466633
26,13466633
352,13459757
353,13459757
18,13464586
19,13464586
178,13457100
281,13460275
282,13460275
249,13457131
260,13457131
261,13457131
134,13457384
207,13459514
262,13458334
259,13458334
113,13467698
120,13467698
115,13467698
244,13452479
387,13448343
256,13461235
205,13462223
184,13458198
177,13458198
411,13453443
407,13453443
184,13458146
174,13458146
102,13465702
96,13465702
544,13455345
545,13455345
621,13442271
118,13464852
458,13445797
457,13445797
176,13459714
163,13459714
250,13458898
349,13459024
437,13446625
435,13446625
288,13469847
505,13502718
503,13502718
129,13463604
343,13459538
350,13459538
254,13462856
253,13462856
253,13462369
389,13448859
299,13470100
298,13470100
601,13442967
602,13442967
154,13457121
153,13457121
163,13461051
608,13441965
410,13454208
411,13454208
205,13462748
456,13448117
455,13448117
497,13447337
498,13447337
613,13443083
17,13464879
18,13464879
249,13458204
18,13464490
19,13464490
504,13448642
485,13448642
532,13453636
471,13443256
474,13443256
139,13457834
138,13457834
529,13454516
528,13454516
133,13458304
277,13462117
273,13462117
166,13462886
165,13462886
167,13462886
169,13461868
186,13461868
99,13466894
100,13466894
108,13466894
170,13461832
169,13461832
299,13469823
538,13458602
257,13461733
256,13461733
214,13453919
385,13450370
384,13450370
89,13468779
110,13468779
216,13457889
145,13463785
146,13463785
365,13454617
459,13444072
460,13444072
262,13458660
259,13458660
120,13467604
394,13449543
165,13462073
134,13457106
603,13443620
602,13443620
148,13462566
91,13466540
92,13466540
300,13469497
307,13469497
301,13469497
466,13447423
483,13447423
469,13443719
448,13446040
449,13446040
450,13446040
451,13446040
265,13462844
257,13462844
266,13462844
307,13469267
306,13469267
301,13469267
367,13455971
363,13455971
603,13444197
605,13444197
190,13457640
199,13457640
373,13453918
372,13453918
387,13447902
281,13459158
281,13459808
393,13446475
430,13446475
97,13466798
98,13466798
344,13463434
340,13463434
353,13457990
350,13457990
264,13461975
274,13461975
497,13446642
491,13446642
379,13450733
165,13462867
170,13462867
167,13462867
165,13462755
164,13462755
548,13452797
549,13452797
550,13452797
157,13455170
302,13469250
282,13460786
527,13453414
526,13453414
564,14624109
562,14624109
145,13463679
146,13463679
259,13459399
386,13450457
196,13453356
214,13453356
242,13453034
241,13453034
211,13456266
212,13456266
200,13456266
432,13444464
433,13444464
535,13455269
533,13455269
481,13446349
467,13446349
250,13458460
219,13455421
215,13455421
218,13455421
177,13457938
160,13457938
509,13451335
508,13451335
182,13454911
257,13462196
256,13462196
520,13451595
227,13451157
228,13451157
338,13464632
600,13441762
243,13454313
223,13454313
530,13454195
531,13454195
447,13443721
459,13443721
174,13459040
185,13459040
361,13457328
362,13457328
129,13463642
89,13468568
110,13468568
565,13444398
567,13444398
574,13444398
573,13444398
246,13453958
244,13453958
388,13447893
431,13444656
173,13460862
18,13464785
23,13464785
19,13464785
113,13467938
266,13464067
24,13466110
37,13466110
36,13466110
25,13466110
17,13465179
18,13465179
23,13465179
24,13465179
260,13455228
246,13455228
583,13446623
584,13446623
263,13460235
281,13460235
174,13458543
185,13458543
285,30070002
158,13457302
389,13447884
390,13447884
366,13454278
365,13454278
578,13443760
613,13443760
213,13454606
280,13461264
276,13461264
139,13457705
138,13457705
532,13452901
336,13466029
115,13466258
114,13466258
440,13449422
439,13449422
440,13449921
426,13449921
434,13445427
445,13445427
435,13445427
197,13455941
198,13455941
170,13461822
178,13457044
299,13470128
298,13470128
286,13470205
287,13470205
488,13447419
499,13447419
193,13454239
37,13465671
38,13465671
355,13458127
194,13452342
390,13448509
177,13457385
178,13457385
42,13464212
40,13464212
41,13464212
39,13464212
110,13468619
568,13446300
560,13446300
66,13467412
65,13467412
134,13457321
138,13457321
326,13468530
327,13468530
461,13444193
460,13444193
23,13465569
24,13465569
37,13465569
38,13465569
356,13458423
133,13457446
158,13457194
429,13447550
428,13447550
617,14630490
339,13465143
320,13465143
375,13452061
614,13443002
613,13443002
90,13467969
78,13467969
254,13462722
253,13462722
90,13467817
98,13467817
99,13467817
561,13445401
562,13445401
358,13460160
176,13459909
163,13459909
184,13458567
175,13458567
177,13458567
301,13469473
356,13459188
355,13459188
83,13468652
84,13468652
82,13468652
280,13461234
281,13461234
282,13461234
276,13461234
17,13465673
16,13465673
35,13466729
36,13466729
79,14255097
84,14255097
539,13459133
542,13459133
538,13459133
255,13463652
1,13463652
425,13450331
440,13450331
598,13443239
596,13443239
428,13449167
411,13452238
400,13452238
350,13458599
195,13450017
228,13450017
541,13459819
542,13459819
427,13449848
426,13449848
92,13466022
97,13466022
96,13466022
93,13466022
113,13467914
120,13467914
83,14255084
84,14255084
392,13446223
608,13442014
549,13452173
550,13452173
437,13446724
435,13446724
154,13455463
155,13455463
51,13465545
50,13465545
170,13461675
183,13455655
192,13455655
149,13461074
150,13461074
17,13465478
16,13465478
29,13467067
27,13467067
13,13467067
93,13464590
73,13464590
373,13453247
372,13453247
523,13451218
447,13444463
459,13444463
36,13466321
25,13466321
44,13462302
71,13462302
593,13444221
596,13444221
277,13462518
273,13462518
412,13450487
399,13450487
568,13446675
439,13448636
467,13445759
468,13445759
396,13449077
395,13449077
140,13460565
587,13444341
617,14249113
382,13450584
383,13450584
141,13459865
330,13467359
331,13467359
456,13447507
453,13447507
249,13457540
127,13464462
609,13441810
608,13441810
612,13443565
365,13454716
212,13455731
341,13461916
221,13456854
222,13456854
144,13462316
143,13462316
170,13462801
167,13462801
213,13454100
214,13454100
615,13442037
43,13463015
45,13463015
44,13463015
134,13456926
138,13456926
273,13462504
274,13462504
505,13450394
503,13450394
366,13453828
368,13453828
432,13445799
435,13445799
509,13451550
508,13451550
523,13452308
532,13452308
545,13453803
481,13445522
467,13445522
302,13469300
285,13469300
231,13448975
175,13459150
485,13447984
366,13454224
391,13446357
309,13469943
281,13459771
282,13459771
559,13447752
291,13470270
289,13470270
348,13460953
351,13460953
70,13464402
69,13464402
150,13461548
615,13442126
619,13442126
352,13461321
347,13461321
303,13469271
302,13469271
285,13469271
552,13450683
549,13450683
304,13468601
586,13445784
594,13445784
26,13466844
104,13464778
105,13464778
103,13464556
104,13464556
130,13463074
143,13463074
282,13460878
555,13450162
521,13450206
522,13450206
153,13458722
413,13451553
412,13451553
459,13443490
230,13448196
513,13448378
515,13448378
411,13452784
253,13462602
135,13456742
385,13448957
384,13448957
523,13451427
520,13451427
575,13442623
572,13442623
449,13445959
451,13445959
478,13445549
467,13445549
468,13445549
470,13443340
358,13460502
437,13446806
435,13446806
221,13457552
222,13457552
231,13449313
230,13449313
17,13464965
18,13464965
545,13454430
336,13466841
333,13466841
607,13442192
610,13442192
477,13443978
588,13443978
591,13441950
174,13459690
185,13459690
162,13461089
263,13460561
281,13460561
429,13447120
436,13447120
129,13463827
336,13464710
165,13462262
170,13462262
497,13448559
512,13448559
498,13448559
330,13466693
331,13466693
230,13448155
462,13445232
461,13445232
245,13453844
527,13453844
512,13448471
234,13449511
504,13449511
239,13449511
173,13461035
390,13449132
271,13464004
272,13464004
207,13459721
544,13457811
610,13441934
254,13463032
253,13463032
512,13448787
498,13448787
237,13450365
236,13450365
263,13460029
292,13470112
350,13458691
349,13458691
587,13445277
124,13466049
123,13466049
147,13463602
602,13443404
597,13443404
401,13449584
389,13449584
117,13464433
478,13444657
475,13444657
106,13465326
211,13457078
210,13457078
271,13463892
272,13463892
177,13458615
161,13458615
621,13442384
620,13442384
432,13445431
431,13445431
408,13455311
386,13450665
403,13450665
75,13465757
92,13465757
93,13465757
74,13465757
579,13444674
165,13462184
156,13457522
252,13460465
392,13445906
504,13449947
239,13449947
262,13458562
262,13458439
400,13450943
336,13466647
332,13466647
333,13466647
250,13458538
259,13458538
491,13445715
165,13462446
164,13462446
382,13450184
383,13450184
153,13458133
613,13442903
393,13446092
430,13446092
544,13455976
90,13468224
99,13468224
89,13468224
196,13454446
197,13454446
216,13456681
212,13456681
382,13449352
255,13461875
256,13461875
253,13461875
404,13454738
385,13451044
403,13451044
359,13458080
99,13467682
108,13467682
130,13462619
188,13460197
202,13460197
570,13444818
571,13444818
282,13460586
245,13452668
244,13452668
422,13453005
305,13468018
315,13468018
564,13502957
562,13502957
563,13502957
338,13464280
345,13464280
322,13467234
321,13467234
269,13464003
270,13464003
194,13453081
181,13453081
366,13454463
368,13454463
267,13465194
4,13465194
422,13453761
196,13454354
197,13454354
466,13447082
467,13447082
586,13445511
587,13445511
394,13449248
456,13447240
457,13447240
451,13447240
453,13447240
113,13468431
112,13468431
110,13468431
250,13459405
299,13469717
300,13469717
91,13466689
92,13466689
97,13466689
98,13466689
271,13464658
25,13466475
26,13466475
179,13455685
157,13455685
155,13456793
156,13456793
291,13470452
289,13470452
290,13470452
233,13447917
345,13463020
344,13463020
478,13445334
468,13445334
251,13459659
250,13459659
592,13443377
596,13443377
457,13447109
451,13447109
557,13448428
234,13448645
233,13448645
316,13466445
314,13466445
353,13458256
350,13458256
291,13470367
289,13470367
373,13453238
108,13466754
109,13466754
107,13466754
249,13457488
447,13444488
445,13444488
470,13443592
107,13466699
319,13466510
320,13466510
382,13449574
380,13449574
562,13445115
541,13458214
542,13458214
440,13451358
424,13451358
387,13448583
343,13461563
348,13461563
466,13446985
467,13446985
545,13454685
263,13459601
281,13459601
262,13459601
85,13468727
88,13468727
597,13445197
595,13445197
131,13459646
15,13466560
552,13450859
422,13452934
421,13452934
544,13456197
464,13447758
463,13447758
456,13447372
453,13447372
265,13462427
257,13462427
239,13450790
485,13447916
486,13447916
75,13466407
76,13466407
91,13466407
92,13466407
406,13451997
400,13451997
532,13453025
571,13443453
343,13461359
342,13461359
591,13442549
528,13455320
456,13448338
455,13448338
453,13448338
69,13464960
74,13464960
618,14244366
349,13458973
402,13452943
106,13464808
116,13464808
117,13464808
393,13446838
259,13459488
163,13459303
161,13459303
180,13454825
179,13454825
157,13454825
116,13465564
119,13465564
105,13464495
469,13443979
470,13443979
166,13463844
422,13452459
362,13457060
354,13457060
238,13451688
230,13449073
45,13463747
71,13463747
70,13463747
47,13463747
541,13459596
542,13459596
351,13460052
350,13460052
531,13453966
592,13443033
427,13449931
426,13449931
159,13457454
158,13457454
522,13449608
510,13449608
479,13444705
478,13444705
346,13460793
352,13460793
556,13447406
427,13449693
426,13449693
588,13443298
490,13447015
498,13447015
346,13461695
440,13450083
426,13450083
148,13462260
352,13459962
351,13459962
6,13466194
21,13463953
22,13463953
600,13441709
608,13441709
574,13443668
417,13450779
418,13450779
592,13442938
598,13442938
582,13445288
597,13445288
339,13464419
340,13464419
117,13464684
412,13450489
308,13469239
307,13469239
18,20235156
23,20235156
590,13442801
589,13442801
239,13451515
244,13451515
240,13451515
592,13442802
101,13465043
102,13465043
103,13465043
104,13465043
322,13467813
321,13467813
385,13450852
403,13450852
427,13450329
426,13450329
420,13450329
622,13442021
225,13453271
457,13446868
451,13446868
235,13449743
165,13462565
170,13462565
447,13444658
459,13444658
507,13451755
427,13449155
439,13449155
537,13457190
268,13464948
270,13464948
434,13445619
435,13445619
500,13448907
510,13448907
596,13443543
532,13453503
178,13456564
158,13456564
248,13455708
528,13455708
514,13447571
343,13461842
348,13461842
618,20054828
184,13456958
191,13456958
183,13456958
192,13456958
411,13452124
400,13452124
298,13470365
297,13470365
410,13453838
411,13453838
250,13458804
375,13452721
163,13460993
388,13448098
387,13448098
336,13466311
402,13452213
16,14243510
531,13453193
272,13462891
277,13462891
273,13462891
65,13467763
64,13467763
495,13446878
514,13446878
577,13443237
620,13443237
137,13456682
524,13451881
525,13451881
446,13444319
433,13444319
152,13459367
151,13459367
460,13442811
75,13466105
92,13466105
151,13459618
146,13463685
259,13458647
15,13466240
14,13466240
231,13449536
230,13449536
94,13463277
95,13463277
467,13446230
468,13446230
25,13466440
173,13460678
185,13460678
437,13447497
436,13447497
603,13444024
597,13444024
162,13461323
544,13457721
403,13450908
402,13450908
193,13454875
192,13454875
609,13441651
616,13441651
572,13442935
195,13451833
499,13447415
498,13447415
202,13459944
204,13459944
267,13464758
4,13464758
266,13464758
3,13464758
237,13449911
230,13449911
217,13456424
220,13456424
505,13449474
503,13449474
268,13464855
267,13464855
270,13464855
434,13445686
435,13445686
473,13443031
378,13451309
379,13451309
396,13449416
395,13449416
229,13449101
230,13449101
307,13468994
306,13468994
554,13450507
546,13455083
345,13463235
344,13463235
485,13448148
486,13448148
346,13460990
352,13460990
597,13444492
596,13444492
595,13444492
193,13453553
269,13463372
299,13470077
298,13470077
334,13467579
335,13467579
513,13448254
514,13448254
515,13448254
346,13461283
422,13453245
129,13464143
269,13463420
266,13463420
217,13458205
536,13455771
534,13455771
422,13453300
505,13449240
503,13449240
402,13452395
388,13448484
387,13448484
176,13460715
171,13460715
305,13468274
385,13449596
384,13449596
395,13449850
404,13454960
546,13455210
346,13462365
478,13444508
475,13444508
283,13457776
221,13457776
222,13457776
609,13441654
570,13444584
294,13470554
149,13461625
278,13462704
445,13445363
444,13445363
435,13445363
178,13457150
159,13457150
158,13457150
18,13464667
19,13464667
514,13447932
515,13447932
213,13454505
575,13442597
624,13442597
292,13470076
293,13470504
291,13470504
290,13470504
216,13457982
525,13453473
530,13453473
622,13442019
625,13442019
173,13460459
346,13462944
158,13457265
183,13455343
182,13455343
296,13470312
292,13470312
298,13470312
559,13447495
431,30038161
429,30038161
590,13442123
589,13442123
473,13443156
388,13447518
569,13446051
254,13463118
253,13463118
454,13448605
452,13448605
134,13457584
138,13457584
405,13455730
559,13447093
560,13447093
346,13462312
347,13462312
197,13455755
212,13455755
230,13448590
170,13462760
167,13462760
593,13443775
596,13443775
484,13447055
301,13469548
236,13450781
183,13455428
182,13455428
469,13444546
475,13444546
215,13453765
227,13453765
338,13464491
345,13464491
236,13451065
361,13456192
367,13456192
405,13455060
377,13451893
381,13451893
234,13448813
233,13448813
391,13447680
398,13447680
153,13457336
156,13457336
193,13454644
182,13454644
414,13453470
410,13453470
411,13453470
413,13453470
599,13442041
600,13442041
497,13446726
437,13446864
435,13446864
293,13470456
229,13450012
230,13450012
343,13460454
350,13460454
325,13469097
143,13462045
378,13451869
572,13442807
378,13452603
338,13463854
345,13463854
339,13463854
344,13463854
368,13454996
16,13466427
25,13466427
26,13466427
15,13466427
234,13449319
504,13449319
513,13447437
514,13447437
254,13463933
2,13463933
1,13463933
503,13450586
508,13450586
23,13464520
22,13464520
217,13457222
220,13457222
117,13464716
118,13464716
250,13459542
259,13459542
447,13444119
459,13444119
245,13451925
506,13451925
244,13451925
301,13469627
574,13444265
573,13444265
282,13459366
265,13462953
266,13462953
415,13454472
154,13456797
137,13456797
382,13449853
380,13449853
337,13463605
338,13465976
330,13465976
322,13465976
337,13465976
545,13454273
353,13459070
480,13444479
587,13444479
194,13453505
181,13453505
538,13458733
458,13445652
457,13445652
376,13451672
381,13451672
231,13449731
236,13449731
77,13467505
66,13467505
78,13467505
65,13467505
555,13450294
554,13450294
288,13469941
357,13460340
356,13460340
591,13441856
179,13455979
178,13455979
558,13447579
560,13447579
422,13452745
206,13460540
250,13458996
600,13441833
608,13441833
250,13459233
143,13461575
142,13461575
512,13447170
496,13447170
236,13450514
497,13447827
498,13447827
592,13443302
598,13443302
596,13443302
231,13448296
230,13448296
523,13451120
407,13455219
408,13455219
253,13461863
122,30054189
400,13451262
437,13447770
436,13447770
571,13443365
232,13449192
235,13449192
396,13450242
412,13450242
417,13450242
395,13450242
505,13449824
503,13449824
615,13442074
619,13442074
596,13443753
382,13451253
376,13451253
383,13451253
217,13456928
220,13456928
49,13465052
51,13465052
532,13452352
519,13452352
536,13455635
534,13455635
217,13457369
220,13457369
53,13466250
52,13466250
607,13442364
601,13442364
229,13449216
473,13442540
589,13442540
606,13443247
602,13443247
600,13442140
374,13452467
513,13448487
515,13448487
509,13450676
305,13467131
316,13467131
106,13465042
116,13465042
606,13442632
611,13442632
464,13447653
463,13447653
65,13467695
63,13467695
64,13467695
178,13456273
447,13444838
445,13444838
187,13461870
203,13461870
544,13456292
492,13445657
305,13468500
456,13448022
453,13448022
385,13449213
384,13449213
538,13458805
162,13459413
161,13459413
166,13463535
76,13466991
91,13466991
299,13470179
298,13470179
297,13470179
346,13462601
588,13443022
592,13443022
272,13463245
495,13445757
494,13445757
256,13461124
252,13461124
586,13446472
585,13446472
383,13449225
193,13454874
182,13454874
149,13460210
151,13460210
431,13444817
575,13442843
572,13442843
575,13442679
624,13442679
544,13456125
603,13444194
597,13444194
104,13464313
105,13464313
205,13462628
402,13451820
90,13467971
257,13463942
266,13463942
47,13464585
49,13464585
538,13458925
446,13444504
433,13444504
524,13452801
525,13452801
387,13448285
392,13446884
391,13446884
121,13468837
397,20015388
398,20015388
560,13446607
408,13455405
405,13455405
574,13443902
573,13443902
472,13442848
471,13442848
68,13465356
69,13465356
223,13455363
157,13455778
159,13457583
158,13457583
221,13456773
222,13456773
411,13452594
621,13442113
469,13443403
470,13443403
586,13445713
587,13445713
507,13451128
300,13469579
301,13469579
588,13443916
259,13458087
238,13452002
306,13469002
301,13469002
292,13470148
269,13463771
266,13463771
523,13451799
300,13469774
510,13449140
511,13449140
447,13444306
459,13444306
386,13450145
388,13450145
219,13456160
217,13456160
349,13460084
352,13460656
351,13460656
213,13455270
212,13455270
569,13445458
242,20234111
241,20234111
590,13442443
589,13442443
544,13458621
542,13458621
338,13465087
339,13465087
523,13450601
522,13450601
281,13460437
389,13448414
281,13459071
586,13445317
587,13445317
477,13443440
588,13443440
578,13443900
523,13451389
394,13449785
446,13444138
433,13444138
309,13470013
156,13458175
545,13454035
242,13453020
197,13455613
198,13455613
343,13461184
348,13461184
539,13459977
572,13442586
625,13442586
349,13459501
437,13448067
438,13448067
478,13444718
475,13444718
524,13452416
525,13452416
499,13447880
498,13447880
354,13456555
363,13456555
292,13469939
514,13448109
515,13448109
259,13458210
576,13442992
623,13442992
447,13444823
459,13444823
330,13466317
331,13466317
337,13466317
466,13447128
467,13447128
465,13447128
468,13447128
463,13447128
281,13460336
213,13455212
197,13455212
136,13456201
137,13456201
524,13451299
106,13464479
614,13443353
613,13443353
245,13452586
506,13452586
132,13458683
552,13451422
549,13451422
480,13445056
459,13444630
458,13444630
387,13447821
592,13443052
598,13443052
427,13450055
502,13449811
503,13449811
170,13462794
167,13462794
178,13455999
336,13465781
305,13467231
315,13467231
316,13467231
505,13451090
507,13451090
231,13449368
236,13449368
181,13453204
621,13442005
471,13442557
231,13448702
462,13445359
461,13445359
129,13463700
440,13451600
424,13451600
527,13453748
526,13453748
465,13447810
45,13462968
44,13462968
443,13447144
450,13447144
438,13446218
443,13446218
444,13446218
435,13446218
250,13459115
601,13442762
598,13442762
347,13461514
348,13461514
359,13458633
566,13445264
567,13445264
271,13464269
272,13464269
509,13451008
508,13451008
538,13458358
470,13443228
411,13452908
182,14043938
499,13448311
498,13448311
104,13463794
393,14673438
447,13445145
449,13445145
65,13467593
57,13467593
63,13467593
45,13463425
71,13463425
156,13457109
213,13454880
406,13452551
407,13452551
250,13458249
259,13458249
545,13454029
140,13460277
315,13467917
201,13458456
26,30029405
15,30029405
446,13444061
621,13442447
620,13442447
135,13456695
545,13452703
548,13452703
566,13445054
190,13457942
238,13452186
241,13452186
368,13455524
394,13449330
428,13449330
545,13453382
497,13446592
496,13446592
209,13458181
221,13456558
382,13449783
383,13449783
261,13457428
606,13442901
100,13466880
108,13466880
500,13449471
510,13449471
246,13454817
223,13455493
144,13461911
263,13459436
262,13459436
24,13465715
281,13460996
282,13460996
394,13449668
419,13449668
285,13469530
229,13448765
230,13448765
217,13456193
220,13456193
217,13457594
220,13457594
284,13457594
132,13458530
133,13458530
225,13453890
371,13453659
129,13464263
492,13445821
494,13445821
472,13442457
140,13460140
157,13454883
443,13446504
450,13446504
428,13449464
195,13450770
228,13450770
166,13463208
165,13463208
487,13447577
486,13447577
366,13454518
229,13449402
118,13464434
126,13464434
172,13459974
175,13459974
128,13465145
291,13470475
290,13470475
206,13460816
378,13452090
392,13445817
569,13445921
570,13445921
89,20111568
500,13447807
499,13447807
433,13444337
609,13441662
608,13441662
402,13452573
139,13458879
230,13448142
545,13453023
548,13453023
496,13447083
513,13447083
495,13447083
514,13447083
592,13442616
598,13442616
379,13450164
183,13455263
182,13455263
455,13448418
453,13448418
181,13453267
139,13458842
530,13453971
531,13453971
229,13450215
228,13450215
555,13449162
291,13470429
545,13453339
548,13453339
325,13469193
324,13469193
585,13446799
584,13446799
195,13452036
125,13464963
126,13464963
481,13445327
50,13465263
38,13465263
497,13447492
567,13445303
565,13974900
574,13974900
422,13452710
135,13456916
34,13467160
518,13451762
520,13451762
519,13451762
226,13453140
225,13453140
109,13468148
110,13468148
239,13451645
240,13451645
591,13442607
433,13444497
296,13470418
298,13470418
590,20195197
281,13460855
282,13460855
537,13456881
533,13454001
532,13454001
311,13469402
323,13469402
321,13467015
197,13455466
198,13455466
544,13458705
542,13458705
538,13458705
365,13454866
461,13444342
460,13444342
605,13443944
132,13458435
139,13458435
266,13464179
606,13443525
605,13443525
611,13443525
496,13445922
495,13445922
494,13445922
591,13442139
281,13458715
408,13455332
409,13455332
187,13462390
186,13462390
456,13447625
453,13447625
520,13451873
519,13451873
465,13447350
463,13447350
144,13462180
145,13462180
367,13455866
252,13461467
253,13461467
249,13457157
467,13446677
468,13446677
391,13447414
505,13449086
503,13449086
49,13464999
48,13464999
51,13464999
50,13464999
600,13441891
264,13462283
274,13462283
485,13448059
129,13464022
393,13446969
422,13453068
421,13453068
291,13470476
290,13470476
423,13452576
424,13452576
568,13446621
288,13469883
99,13466900
100,13466900
552,13451718
549,13451718
550,13451718
551,13451718
122,13468464
368,13454315
558,13447703
560,13447703
395,13449165
564,13444738
566,13444738
10,13467269
443,13446936
450,13446936
339,13465221
320,13465221
257,13463537
266,13463537
187,13462293
186,13462293
563,13444339
477,13443726
588,13443726
177,13458159
160,13458159
512,13447453
496,13447453
370,13454152
53,13466048
52,13466048
470,13443215
388,13448760
536,13457512
538,13457512
48,13464664
40,13464664
120,13468559
480,13444794
587,13444794
386,13449727
29,13467665
31,13467665
28,13467665
30,13467665
371,13453318
378,13453318
586,13445257
587,13445257
593,13445257
594,13445257
390,13448648
600,13441658
466,13446814
467,13446814
237,13450226
230,13450226
587,13444409
593,13444409
293,13470536
290,13470536
242,13453604
224,13453604
473,13442693
589,13442693
432,13444756
502,13449592
501,13449592
600,13442036
608,13442036
590,13443081
589,13443081
487,13447299
538,13459232
229,13450870
227,13450870
567,13445405
330,13466209
337,13466209
569,13444922
147,13463482
603,13443751
602,13443751
597,13443751
535,13454978
533,13454978
336,13464546
556,13447774
374,13453545
375,13453545
597,13443113
598,13443113
434,13445540
435,13445540
392,13448570
396,13448570
397,13448570
395,13448570
484,13446777
585,13446777
503,13450686
508,13450686
31,13467437
28,13467437
173,13460312
353,13459282
351,13459282
606,13443229
459,13443657
607,13442207
601,13442207
363,13455765
364,13455765
89,13468313
176,13459363
175,13459363
615,13442002
594,13445461
595,13445461
529,13454767
530,13454767
141,13459578
565,13444613
567,13444613
524,13452623
625,13441955
392,13448065
397,13448065
398,13448065
618,14252582
625,14252582
234,13448704
233,13448704
201,13457678
21,13463463
41,13463463
153,13457445
242,13453263
6,13466351
132,13458802
139,13458802
616,13441723
223,13455359
305,13468888
302,13468888
89,13468309
393,13445891
545,13453681
548,13453681
536,13456960
538,13456960
45,13462718
44,13462718
56,13467239
58,13467239
35,13467239
34,13467239
479,13445096
478,13445096
481,13445096
467,13445096
612,13444313
604,13444313
560,13446901
329,13468614
323,13468614
601,13442730
606,13442730
487,13974857
501,13974857
473,13442882
589,13442882
581,13445134
603,13445134
145,13462466
326,13468073
333,13468073
334,13468073
579,13444958
220,13455987
296,13470480
526,13453141
525,13453141
546,13455334
386,13449888
430,13445128
67,13466500
518,13451634
308,13468871
307,13468871
382,13450148
380,13450148
581,13444959
603,13444959
565,13444486
567,13444486
89,13468440
479,13445192
481,13445192
213,13453863
214,13453863
215,13453863
227,13453863
469,13444899
468,13444899
503,13448318
486,13448318
367,13455043
363,13455043
370,13454852
212,13455420
263,13459903
578,13444498
232,13448069
509,13450111
522,13450111
492,13445680
414,13453372
413,13453372
355,13458112
354,13458112
298,13470305
297,13470305
590,13442440
591,13442440
169,13461343
273,13462203
274,13462203
414,13453187
369,13454935
368,13454935
571,13445220
224,13454407
243,13454407
191,13457301
120,13467726
122,13467726
187,13462831
168,13462831
471,13443039
474,13443039
253,13462564
615,14184392
619,14184392
272,13463447
501,13448718
431,13444956
232,13449122
235,13449122
106,13464573
145,13462686
57,13467163
56,13467163
201,13457915
439,13449067
441,13449067
90,13467650
98,13467650
391,20058480
398,20058480
501,13448481
503,13448481
373,13453576
372,13453576
479,13444278
476,13444278
410,13454987
409,13454987
592,13443752
593,13443752
348,13460821
351,13460821
480,13444861
568,13446928
21,13463389
20,13463389
580,13444903
579,13444903
268,13465109
271,13465109
588,13443970
587,13443970
305,13468797
302,13468797
55,13466636
54,13466636
533,13454124
531,13454124
569,13445320
97,13466833
98,13466833
150,13459957
152,13459957
47,13464647
49,13464647
69,13464647
395,13449744
348,13460679
351,13460679
400,13450866
609,13441692
608,13441692
563,13444720
113,13468182
120,13468182
592,13443374
336,13466944
333,13466944
334,13466944
335,13466944
477,13444260
480,13444260
557,13448187
559,13448187
558,13448187
393,13445620
170,13462183
169,13462183
282,13460701
484,30113231
234,13448996
233,13448996
297,13470192
272,13463084
278,13463084
389,13447205
490,13446436
489,13446436
208,13458728
284,13458728
223,13455144
577,13443095
620,13443095
576,13443095
623,13443095
2,13465121
6,13465121
4,13465121
3,13465121
339,13465333
320,13465333
173,13460246
613,13442796
296,13470377
298,13470377
283,13457802
221,13457802
133,13458203
109,13468303
113,13468303
110,13468303
422,13452613
322,13467238
223,13456290
282,13460964
356,13458634
427,13450231
426,13450231
347,13461907
348,13461907
68,13465273
69,13465273
143,13461238
142,13461238
105,13464892
479,13444996
481,13444996
302,13468857
151,13459487
349,13459195
456,13448247
455,13448247
597,13443806
234,13449683
239,13449683
529,13454971
530,13454971
564,13444181
565,13444181
132,13459076
288,13469875
610,13442417
611,13442417
393,13445966
609,13441683
616,13441683
612,13444211
579,13444211
366,13454771
357,13461753
619,13442204
481,13445637
357,13463579
396,13448931
397,13448931
398,13448931
399,13448931
563,13444470
127,13464467
578,13443821
613,13443821
393,13446617
612,13443768
528,20166260
534,20166260
126,13464453
538,13458526
336,13465286
525,13453325
530,13453325
382,13450610
380,13450610
338,13464874
166,13462947
165,13462947
241,13452795
394,13449421
356,13458216
355,13458216
338,13464249
339,13464249
169,13461471
394,13447951
393,13447951
387,13448007
343,13461913
340,13461913
485,13448105
233,13448105
599,14171575
355,13457922
83,13468803
86,13468803
145,13463362
146,13463362
230,13448127
509,13450334
281,13458643
622,13441830
424,13452625
421,13452625
130,13462866
282,13460112
45,13462958
71,13462958
610,13441912
615,13441912
322,13466027
320,13466027
402,13450944
128,13465244
394,13450205
420,13450205
419,13450205
609,13441776
616,13441776
288,13469747
549,13451254
300,13469719
336,13464781
335,13464781
487,13447551
500,13447551
296,13470366
298,13470366
622,13441815
625,13441815
402,13450698
99,13467882
370,13454800
358,13460154
567,13445345
323,13468356
322,13468356
590,13442071
387,13449203
144,14069693
143,14069693
237,13451268
236,13451268
238,13451268
410,13454661
409,13454661
365,20046140
351,13459870
350,13459870
536,13457866
538,13457866
371,13453266
378,13453266
184,13458311
174,13458311
217,13456949
11,13467182
10,13467182
366,13454428
365,13454428
394,13448551
428,13448551
104,13463735
105,13463735
166,13463735
569,13444753
261,13457239
219,13455811
220,13455811
577,13443245
576,13443245
567,13445262
569,13445262
573,13445262
561,13445039
564,13445039
566,13445039
562,13445039
260,13456486
607,13442585
606,13442585
114,13466531
244,13452166
240,13452166
223,13455700
130,13463641
223,13455339
191,13458006
185,13458006
583,13445796
582,13445796
621,13442559
620,13442559
179,13455749
178,13455749
395,13449445
267,13464614
269,13464614
270,13464614
145,14659127
509,13450163
502,13450163
501,13450163
509,13450391
502,13450391
394,13448866
428,13448866
615,13441893
131,13459377
132,13459377
71,13462444
568,13446406
388,13447994
580,13445484
579,13445484
621,13442196
70,13464524
69,13464524
512,13448547
513,13448547
515,13448547
516,13448547
84,13468584
80,13468584
249,13457565
459,13443615
460,13443615
109,13467963
298,13470217
297,13470217
223,13456011
254,13463408
255,13463408
619,14184384
108,13467368
109,13467368
149,13460466
141,13460466
151,13460466
552,13450532
551,13450532
553,13450532
554,13450532
347,13462655
348,13462655
345,13462655
344,13462655
335,13464598
621,13442063
570,13445741
512,13448786
516,13448786
55,13466418
54,13466418
53,13466418
52,13466418
460,13442971
150,13459821
152,13459821
109,13468216
110,13468216
528,13456415
537,13456415
501,13448775
503,13448775
211,13456978
210,13456978
577,13443379
195,13451896
227,13451896
599,13441814
591,13441814
487,13446743
488,13446743
259,13458149
411,13452996
184,13458244
174,13458244
441,13448917
454,13448917
248,13455959
528,13455959
342,13460905
140,13460183
131,13460183
265,13462225
257,13462225
148,13461915
150,13461915
357,13461369
256,13461403
252,13461403
466,13446836
483,13446836
442,13448244
452,13448244
263,13459300
262,13459300
308,13469526
307,13469526
620,13442793
504,13448759
485,13448759
317,13466999
305,13466999
316,13466999
564,13444536
562,13444536
373,13453496
529,13454295
528,13454295
569,13445095
573,13445095
590,13442983
459,13444752
458,13444752
577,20154546
576,20154546
389,13448504
193,13455026
192,13455026
495,13446835
514,13446835
172,13459786
175,13459786
336,13466281
268,13465313
271,13465313
391,13446566
367,13456702
362,13456702
336,13465418
154,13456379
137,13456379
321,13467144
217,13458292
208,13458292
391,13446751
591,13442771
565,13444029
372,13453549
292,13469971
151,13459489
365,13454501
439,13449194
441,13449194
538,13459018
395,13449714
124,13465522
565,13444049
423,13452740
424,13452740
569,13446120
40,13464821
39,13464821
38,13464821
621,13442402
620,13442402
559,13446990
560,13446990
491,13446221
291,13470461
326,13468202
327,13468202
458,13444673
461,13444673
242,13453421
352,13461199
347,13461199
263,13460132
617,14630472
610,13442251
611,13442251
615,13442251
614,13442251
242,13453728
224,13453728
67,13466708
66,13466708
520,13451957
519,13451957
599,30017743
575,14660468
624,14660468
586,30113634
585,30113634
201,13458353
375,13452472
323,13469206
571,13445495
217,13457319
6,13465837
5,13465837
4,13465837
231,13448523
26,13466962
572,13443118
502,13448955
501,13448955
503,13448955
113,13468370
112,13468370
11,13467444
10,13467444
135,13456985
565,13444456
567,13444456
133,13458075
68,13465527
51,13465527
503,13450708
508,13450708
523,13452383
532,13452383
151,13459739
142,13461075
392,13446781
475,13444159
476,13444159
612,13444330
579,13444330
480,13445404
482,13445404
346,13462841
129,13464273
600,13441706
310,13469498
324,13469498
379,13450694
304,13468641
159,13457969
309,13470207
265,13463082
266,13463082
620,13442715
613,13442715
249,13457407
196,13454543
197,13454543
394,13449898
419,13449898
157,13455277
99,13467944
388,13449766
242,13452491
238,13452491
229,13448784
544,13456074
216,13456636
212,13456636
484,13446900
246,13454174
374,13452584
260,13455561
578,13444062
612,13444062
579,13444062
613,13444062
490,13446954
498,13446954
395,13449875
418,13449875
570,13444382
571,13444382
386,13450552
403,13450552
514,13448052
515,13448052
388,13448352
490,13446635
242,13452922
393,13447078
484,30013028
482,30013028
221,13455887
593,13444732
594,13444732
359,13458383
488,20146478
489,20146478
312,13468252
322,13468252
321,13468252
313,13468252
238,13451876
484,13446629
482,13446629
89,20056886
329,13468541
323,13468541
15,13466454
14,13466454
205,13462209
242,13452620
238,13452620
229,13450973
227,13450973
270,13464662
615,13441971
219,13456221
217,13456221
183,13455564
182,13455564
36,13466245
596,13443961
379,13450366
372,13453287
569,13444804
77,13467390
66,13467390
222,13457550
109,13466677
114,13466677
361,13455913
368,13455913
487,13447955
501,13447955
143,13461460
142,13461460
233,13447959
223,13455059
330,13467416
329,13467416
528,13454774
247,13454774
87,13469026
88,13469026
252,13461635
253,13461635
465,14675360
394,13448130
393,13448130
262,13458692
261,13457403
205,20145559
260,13455906
600,13442201
346,13459898
352,13459898
353,13459898
568,13446227
569,13446227
505,13450935
507,13450935
283,13459122
166,13463441
165,13463441
147,13463441
131,13459847
120,13468000
122,13468000
261,13457010
205,13462647
439,13448844
441,13448844
539,13460121
285,13469460
618,14252616
353,13457696
354,13457696
350,13457696
387,13448082
84,20054558
621,13442393
620,13442393
620,13442749
35,13466914
34,13466914
535,13455957
410,13454469
415,13454469
409,13454469
190,13458132
373,13453485
536,13457981
538,13457981
128,13464997
538,13459334
79,13468377
62,13468377
64,13468377
80,13468377
311,13469285
323,13469285
207,13459992
128,13464952
202,13458729
621,13442142
321,13467261
313,13467261
266,13464539
3,13464539
432,13445902
435,13445902
370,13455330
360,13455330
243,13453804
141,13459761
126,13464450
128,13465415
127,13465415
586,13445805
587,13445805
357,13462652
578,13444473
319,13464763
339,13464763
340,13464763
2,13465538
6,13465538
347,13462936
345,13462936
319,13465912
314,13465912
583,13445612
595,13445612
303,13469231
285,13469231
122,13468434
568,13446875
559,13446875
560,13446875
288,13469814
602,13443148
597,13443148
577,14659268
505,13451311
506,13451311
243,13454454
223,13454454
325,13469133
324,13469133
568,13446543
233,13448433
214,13452803
281,13458477
282,13458477
233,13448216
496,13446062
494,13446062
371,13453700
250,13459151
380,13450585
147,13463595
334,13467024
335,13467024
621,13442522
620,13442522
619,13442522
613,13442522
410,13454567
409,13454567
139,13458916
51,13465422
544,13457423
25,13466404
378,13451802
379,13451802
461,13444434
460,13444434
94,13463197
615,14256135
618,14256135
536,30029327
354,13456671
364,13456671
385,13448820
386,13448820
288,13469838
163,13459208
161,13459208
124,13465420
127,13465420
395,13449561
249,13457286
226,13452357
308,13468987
307,13468987
304,13468682
172,13460219
175,13460219
173,13460219
575,13442883
576,13442883
624,13442883
370,14069326
527,13453611
242,13453445
224,13453445
130,13463769
378,13452696
391,13446589
429,13447210
436,13447210
187,13462402
186,13462402
300,13469751
295,13470664
132,13458342
427,13449754
426,13449754
261,13456933
309,13470138
387,13448515
125,13465149
126,13465149
2,20235330
1,20235330
322,13467043
321,13467982
313,13467982
289,13470386
287,13470386
290,13470386
153,13457431
137,13457431
596,13444079
616,13441659
349,13458934
379,13449960
229,13448958
228,13448958
121,13468553
569,13444671
570,13444671
402,13452880
405,13452880
132,13458224
134,13458224
60,13467752
33,13467752
480,13445139
226,13452890
225,13452890
122,13468556
565,13443940
325,13469403
324,13469403
163,13459369
162,13459369
161,13459369
89,14254033
288,13469816
369,13454905
233,13448483
572,20080182
625,20080182
100,14043045
107,14043045
101,14043045
262,13458761
563,13444143
565,13443950
113,13468375
110,13468375
609,13441896
79,20145410
309,13990825
232,13448131
230,13448456
600,13442084
201,13457225
200,13457225
308,13469872
309,13469872
299,13469872
393,13447212
176,13459224
175,13459224
371,14187627
621,13442068
389,13447246
439,13448953
441,13448953
172,13460255
173,13460255
238,13452045
241,13452045
553,13449983
554,13449983
404,13455908
113,13468437
120,13468437
121,13468437
112,13468437
390,13448110
474,13443528
571,13499223
402,13452251
570,13443640
571,13443640
330,13466070
337,13466070
512,13449023
516,13449023
490,13446898
498,13446898
224,30112870
319,13464700
340,13464700
250,13458740
569,20232429
79,20147074
231,13449079
325,13468296
321,13467586
313,13467586
552,13450880
551,13450880
358,13459321
622,13441836
391,13446937
423,13452897
424,13452897
421,13452897
568,13446727
330,13467307
329,13467307
322,13467307
290,20112511
577,13443378
620,13443378
484,13447122
243,13453914
361,13456027
367,13456027
368,13456027
263,13459143
262,13459143
309,13469891
484,13447230
254,13462570
253,13462570
540,13462570
509,13449905
500,13449905
206,13461118
316,13466023
314,13466023
267,13464709
270,13464709
400,13450919
407,13453989
405,13453989
166,13463267
165,13463267
162,13459608
161,13459608
394,13449081
428,13449081
120,13467691
169,13462439
168,13462439
357,13461072
358,13461072
460,13443144
204,13460123
572,13443303
570,13443303
571,13443303
528,13456152
537,13456152
484,13447245
112,13468626
110,13468626
479,13445072
481,13445072
544,13458074
542,13458074
137,13456436
493,13503908
261,13457278
346,13462270
330,13467622
329,13467622
492,13445576
84,13468663
82,13468663
80,13468663
372,13453815
292,13470045
299,13470045
311,13469351
323,13469351
133,13457136
218,30034152
471,13442696
609,13441665
206,13461382
440,13451442
539,13459860
242,13453016
311,13469317
323,13469317
182,13455131
430,13446219
431,13446219
565,13444592
567,13444592
143,13461719
142,13461719
586,13446293
585,13446293
299,13469888
66,13467106
120,13468276
122,13468276
137,13456850
138,13456850
618,14252748
625,14252748
120,13468506
483,13446518
481,13446518
371,13453246
378,13453246
372,13453246
288,13469828
120,13468360
622,13441897
295,13470690
574,13443828
573,13443828
139,13459001
471,13442637
459,13444841
458,13444841
357,13460180
356,13460180
67,13466802
66,13466802
518,13451162
517,13451162
201,13457135
211,13457135
210,13457135
200,13457135
309,13990837
558,13447425
560,13447425
209,13458217
62,14134889
234,13448553
233,13448553
538,13459025
142,13460830
140,13460830
57,100
58,100
491,13445842
283,13460349
539,13459088
542,13459088
535,13456297
625,13441958
544,13458312
542,13458312
